Create database Group_5_SE1730_BookingManagement;

use Group_5_SE1730_BookingManagement
use Group_5_SE1730_BookingManagement
go

INSERT INTO [dbo].[SiteSettings]
           ([FaviconUrl]
           ,[LogoUrl]
           ,[PrivacyText]
           ,[AppName])
     VALUES
           ('https://www.traveloka.com/favicon.ico'
           ,'https://d1785e74lyxkqq.cloudfront.net/_next/static/v2/9/97f3e7a54e9c6987283b78e016664776.svg'
           ,N'<p>Trước hết, sự riêng tư của bạn có ý nghĩa quan trọng đối với chúng tôi. Có lẽ bạn đã nghe câu này rất nhiều, nhưng chúng tôi thực sự quan tâm tới quyền riêng tư của bạn. Bằng việc sử dụng dịch vụ của Booking.com, bạn đã đặt lòng tin vào chúng tôi và chúng tôi trân trọng sự tin tưởng đó. Điều này đồng nghĩa với việc chúng tôi cam kết giữ gìn và bảo vệ dữ liệu cá nhân của bạn. Chúng tôi hành động vì quyền lợi tốt nhất của khách hàng và luôn minh bạch trong việc xử lý dữ liệu cá nhân của bạn.</p><p>Văn bản này (“Chính sách Bảo mật này” hoặc “Chính sách Bảo mật của chúng tôi”) mô tả cách chúng tôi sử dụng và xử lý dữ liệu cá nhân của bạn, được viết một cách dễ hiểu và minh bạch.Ngoài ra, văn bản này cũng cho bạn biết mình có những quyền gì liên quan đến dữ liệu cá nhân của bản thân và làm cách nào để liên hệ với chúng tôi. Vui lòng đọc <a id=\"cookie-statement--read-more\" aria-labelledby=\"cookie-statement--read-more cookie-statement\" href=\"#cookie-statement\" class=\"bf33709ee1 d6d02bd320 af44803caf\"><span>Chính sách Cookie</span></a> của chúng tôi để biết cách thức Booking.com sử dụng cookie và những công nghệ theo dõi tương tự khác.</p><p>Nếu đã từng dùng dịch vụ của chúng tôi, bạn sẽ biết rằng Booking.com cung cấp dịch vụ du lịch trực tuyến qua trang web và ứng dụng di động riêng của chúng tôi, cũng như qua các nền tảng trực tuyến khác như trang web của đối tác và mạng xã hội. Chúng tôi muốn chỉ ra rằng tất cả các thông tin bạn sắp đọc được áp dụng không chỉ với một hay hai mà tất cả các kênh này.</p><p>Thực tế là chính sách bảo mật duy nhất này được áp dụng cho bất cứ loại thông tin nào của khách hàng mà chúng tôi thu thập thông qua tất cả các nền tảng kể trên hoặc qua các phương tiện khác được kết nối với các kênh này.</p><p>Nếu bạn là một trong các đối tác kinh doanh của chúng tôi, vui lòng đọc <a href=\"https://admin.booking.com/hotel/hoteladmin/privacy.html\" class=\"bf33709ee1 d6d02bd320 af44803caf\"><span>Chính sách Bảo mật dành cho Đối tác Kinh doanh</span></a> để hiểu dữ liệu cá nhân được xử lý thêm ra sao trong mối quan hệ hợp tác kinh doanh.</p><p>Tùy từng thời điểm, chúng tôi có thể sẽ sửa đổi Chính sách Bảo mật này. Do đó, bạn nên truy cập vào trang này thường xuyên để nắm được thông tin. Nếu chúng tôi cập nhật bất kỳ nội dung nào trong Chính sách Bảo mật này có ảnh hưởng đáng kể đến bạn, chúng tôi sẽ thông báo cho bạn về những thay đổi đó trước khi bắt đầu bất kỳ hoạt động mới nào.</p><h3 class=\"policy_font_display_two\">Các thuật ngữ chúng tôi sử dụng trong Chính sách Bảo mật này</h3><p>“Chuyến đi” là những sản phẩm và dịch vụ du lịch khác nhau mà có thể được đặt mua, nhận, mua, thanh toán, thuê, cung cấp, đặt chỗ, kết hợp hay chốt đơn bởi bạn hay Nhà cung cấp Chuyến đi.</p><p>“Nhà cung cấp Chuyến đi” là nhà cung cấp chỗ nghỉ (ví dụ: khách sạn, motel, căn hộ, nhà nghỉ B&amp;B, chủ nhà), địa điểm tham quan (ví dụ: công viên (chủ đề), bảo tàng, tour tham quan), nhà cung cấp phương tiện giao thông (ví dụ: xe ô tô cho thuê, du thuyền, tàu lửa, xe đưa rước sân bay, tour xe buýt, xe trung chuyển), nhà điều hành tour, bảo hiểm du lịch và bất cứ các sản phẩm hay dịch vụ du lịch hay sản phẩm hay dịch vụ có liên quan có thể được Đặt chỗ Chuyến đi ở nhiều thời điểm trên kênh.</p><p>\"Dịch vụ Chuyến đi\" có nghĩa là dịch vụ (xử lý) thanh toán hoặc đặt chỗ, đặt mua trực tuyến do Booking.com cung cấp hoặc cho phép đối với các sản phẩm và dịch vụ khác nhau theo thời gian do Nhà cung cấp Chuyến đi cung cấp trên kênh.</p><p>“Đặt chỗ Chuyến đi” là hành động đặt mua, mua, thanh toán hay đặt chỗ Chuyến đi.</p><hr class=\"privacy-divider\"><h3 class=\"policy_font_display_two\">Booking.com thu thập những loại dữ liệu cá nhân nào?</h3><p>Chúng tôi không thể giúp bạn đặt một Chuyến đi hoàn hảo khi thiếu thông tin, vì vậy, khi bạn sử dụng dịch vụ, chúng tôi sẽ cần một số thông tin nhất định. Đây là những thông tin cơ bản thường gặp như tên của bạn, thông tin liên lạc bạn muốn sử dụng, tên của những người đi cùng bạn và thông tin thanh toán của bạn. Bạn có thể tự quyết định gửi thông tin bổ sung có liên quan đến Chuyến đi tiếp theo của mình (ví dụ: giờ đến dự kiến).</p><p>Ngoài ra, chúng tôi cũng thu thập thông tin từ máy tính, điện thoại, máy tính bảng hoặc các thiết bị khác mà bạn đang dùng để sử dụng dịch vụ của chúng tôi. Trong đó bao gồm địa chỉ IP, trình duyệt và ngôn ngữ bạn sử dụng. Ngoài ra, có một số tình huống mà chúng tôi nhận được thông tin về bạn từ những nguồn khác hoặc khi chúng tôi thu thập các thông tin khác một cách tự động.</p><p>Đây là giới thiệu chung về những thông tin mà chúng tôi thu thập. Nếu bạn muốn biết thêm, vui lòng xem chi tiết ở dưới đây.</p><p><a id=\"personal-data-collected-type--read-more\" aria-labelledby=\"personal-data-collected-type--read-more personal-data-collected-type\" href=\"#personal-data-collected-type\" class=\"bf33709ee1 d6d02bd320 af44803caf\"><span>Đọc thêm về những dữ liệu cá nhân mà chúng tôi thu thập</span></a></p><h3 class=\"policy_font_display_two\">Vì sao Booking.com thu thập và sử dụng dữ liệu cá nhân của bạn?</h3><p>Lý do chính chúng tôi yêu cầu dữ liệu cá nhân của bạn là để giúp bạn quản lý các Đặt chỗ Chuyến đi và đảm bảo rằng bạn nhận được dịch vụ tốt nhất.</p><p>Chúng tôi cũng sử dụng dữ liệu cá nhân của bạn để liên hệ và thông báo cho bạn biết về các ưu đãi mới và đặc biệt nhất của chúng tôi cùng các sản phẩm hay dịch vụ khác mà bạn có thể sẽ quan tâm. Ngoài ra, chúng tôi còn dùng dữ liệu cá nhân của bạn cho các mục đích khác Nếu bạn muốn tìm hiểu thêm, có thể đọc tiếp để xem giải thích chi tiết.</p><p><a id=\"personal-data-collected-why--read-more\" aria-labelledby=\"personal-data-collected-why--read-more personal-data-collected-why\" href=\"#personal-data-collected-why\" class=\"bf33709ee1 d6d02bd320 af44803caf\"><span>Đọc thêm về lý do vì sao Booking.com thu thập dữ liệu của bạn</span></a></p><h3 class=\"policy_font_display_two\">Booking.com chia sẻ thông tin của bạn với các bên thứ ba như thế nào?</h3><p>Có nhiều bên được tích hợp vào dịch vụ của Booking.com với nhiều hình thức và vì nhiều lý do khác nhau. Mục đích chính là chia sẻ dữ liệu phù hợp của Chuyến đi của bạn với Nhà cung cấp Chuyến đi để hoàn tất Đặt chỗ Chuyến đi của bạn.</p><p>Ngoài ra cũng có những bên khác hợp tác cùng chúng tôi để cung cấp dịch vụ Booking.com đến bạn. Các bên này bao gồm những tổ chức tài chính, hãng quảng cáo, công ty con của tập đoàn Booking.com và các công ty khác tạo thành tập đoàn Booking Holdings Inc.. Hoặc trong một số trường hợp, nếu được pháp luật yêu cầu, chúng tôi có thể sẽ chia sẻ dữ liệu của bạn với chính phủ hoặc các nhà chức trách</p><p>Phần dưới đây trình bày chi tiết hơn về cách thức những thông tin mà bạn chia sẻ với chúng tôi được sử dụng và trao đổi với các bên đó.</p><p><a id=\"personal-data-3rd-parties-shared-how--read-more\" aria-labelledby=\"personal-data-3rd-parties-shared-how--read-more personal-data-3rd-parties-shared-how\" href=\"#personal-data-3rd-parties-shared-how\" class=\"bf33709ee1 d6d02bd320 af44803caf\"><span>Đọc thêm về cách thức mà dữ liệu được chia sẻ với các bên thứ ba</span></a></p><h3 id=\"how-personal-data-shared-within\" class=\"policy_font_display_two\">Dữ liệu cá nhân của bạn được chia sẻ trong tập đoàn Booking Holdings Inc. như thế nào?</h3><p>Booking.com là một thành viên của tập đoàn Booking Holdings Inc.. Vui lòng đọc tại đây để biết thêm về việc dữ liệu của bạn được chia sẻ như thế nào trong tập đoàn Booking Holdings Inc..</p><p><a id=\"personal-data-holdings-shared-how--read-more\" aria-labelledby=\"personal-data-holdings-shared-how--read-more personal-data-holdings-shared-how\" href=\"#personal-data-holdings-shared-how\" class=\"bf33709ee1 d6d02bd320 af44803caf\"><span>Đọc thêm về dữ liệu trong tập đoàn Booking Holdings Inc.</span></a></p><h3 class=\"policy_font_display_two\">Dữ liệu cá nhân của bạn được chia sẻ và xử lý thêm cho các dịch vụ vận tải đường bộ như thế nào?</h3><p>Booking.com và Rentalcars.com – cũng là các công ty trong tập đoàn Booking Holdings Inc. – cùng dùng chung dữ liệu của bạn để cung cấp các dịch vụ vận tải đường bộ qua các ứng dụng và trang web Booking.com (ví dụ như <a href=\"https://cars.booking.com\" class=\"bf33709ee1 d6d02bd320 bui-link bui-link--primary af44803caf\"><span>cars.booking.com</span></a> hay <a href=\"https://taxi.booking.com\" class=\"bf33709ee1 d6d02bd320 bui-link bui-link--primary af44803caf\"><span>taxi.booking.com</span></a>). Đọc thêm để hiểu rõ về quy mô và tính chất của trách nhiệm chung này của chúng tôi.</p><p><a id=\"personal-data-transport-services-shared-how--read-more\" aria-labelledby=\"personal-data-transport-services-shared-how--read-more personal-data-transport-services-shared-how\" href=\"#personal-data-transport-services-shared-how\" class=\"bf33709ee1 d6d02bd320 af44803caf\"><span>Đọc thêm về dữ liệu và các dịch vụ vận tải đường bộ của chúng tôi</span></a></p><h3 class=\"policy_font_display_two\">Dữ liệu cá nhân của bạn được chia sẻ và xử lý thêm cho các dịch vụ bảo hiểm như thế nào?</h3><p>Chúng tôi hợp tác với các bên khác khi cung cấp dịch vụ bảo hiểm. Hãy nhấp vào đường liên kết bên dưới để hiểu cách dữ liệu của bạn được sử dụng và chia sẻ cho mục đích bảo hiểm, đồng thời tìm hiểu về trách nhiệm của các bên liên quan.</p><p><a id=\"how-shared-for-insurance--read-more\" aria-labelledby=\"how-shared-for-insurance--read-more how-shared-for-insurance\" href=\"#how-shared-for-insurance\" class=\"bf33709ee1 d6d02bd320 af44803caf\"><span>Đọc thêm về dữ liệu, các sản phẩm và dịch vụ bảo hiểm</span></a></p><h3 class=\"policy_font_display_two\">Booking.com xử lý các thông tin trao đổi mà bạn và Nhà cung cấp Chuyến đi có thể gửi qua Booking.com như thế nào?</h3><p>Booking.com có thể giúp bạn và Nhà cung cấp Chuyến đi trao đổi thông tin hoặc yêu cầu về dịch vụ và Đặt chỗ Chuyến đi hiện có, mọi trao đổi đều được thông qua Booking.com. Nếu bạn muốn tìm hiểu thêm về cách Booking.com nhận và xử lý các thông tin trao đổi này, vui lòng đọc tiếp ở đây.</p><p><a id=\"communications-trip-provider-processed-how--read-more\" aria-labelledby=\"communications-trip-provider-processed-how--read-more communications-trip-provider-processed-how\" href=\"#communications-trip-provider-processed-how\" class=\"bf33709ee1 d6d02bd320 af44803caf\"><span>Đọc thêm về dữ liệu, các sản phẩm và dịch vụ bảo hiểm</span></a></p><h3 class=\"policy_font_display_two\">Booking.com sử dụng các thiết bị di động như thế nào?</h3><p>Chúng tôi cung cấp các ứng dụng miễn phí và cũng thu thập và xử lý các dữ liệu cá nhân của bạn qua những ứng dụng này. Phương thức này hoạt động tương tự như trang web của chúng tôi, nhưng các ứng dụng này còn cho phép bạn sử dụng dịch vụ định vị có trong (các) thiết bị di động.</p><p><a id=\"mobile-devices-used-how--read-more\" aria-labelledby=\"mobile-devices-used-how--read-more mobile-devices-used-how\" href=\"#mobile-devices-used-how\" class=\"bf33709ee1 d6d02bd320 af44803caf\"><span>Đọc thêm về cách chúng tôi sử dụng dữ liệu từ các thiết bị di động</span></a></p><h3 class=\"policy_font_display_two\">Booking.com sử dụng mạng xã hội như thế nào?</h3><p>Việc sử dụng dịch vụ mạng xã hội có thể được tích hợp với dịch vụ của Booking.com bằng nhiều cách khác nhau. Những hình thức này bao gồm việc chúng tôi thu thập một số dữ liệu cá nhân hoặc nhà cung cấp mạng xã hội tiếp nhận một số thông tin của bạn. Chúng tôi không sử dụng WhatsApp hoặc các dịch vụ tương tự của bên thứ ba để yêu cầu xác nhận đặt chỗ hoặc thanh toán.</p><p><a id=\"social-media-used-how--read-more\" aria-labelledby=\"social-media-used-how--read-more social-media-used-how\" href=\"#social-media-used-how\" class=\"bf33709ee1 d6d02bd320 af44803caf\"><span>Đọc thêm về cách chúng tôi sử dụng dữ liệu mạng xã hội</span></a></p><h3 class=\"policy_font_display_two\">Booking.com áp dụng các quy trình lưu giữ và bảo mật nào để bảo vệ dữ liệu cá nhân của bạn?</h3><p>Chúng tôi áp dụng nhiều biện pháp ngăn chặn việc truy cập trái phép và lạm dụng dữ liệu cá nhân mà chúng tôi xử lý.</p><p><a id=\"personal-data-what-security-procedures--read-more\" aria-labelledby=\"personal-data-what-security-procedures--read-more personal-data-what-security-procedures\" href=\"#personal-data-what-security-procedures\" class=\"bf33709ee1 d6d02bd320 af44803caf\"><span>Đọc thêm về các quy trình lưu trữ và bảo mật</span></a></p><h3 class=\"policy_font_display_two\">Booking.com xử lý dữ liệu cá nhân của trẻ em như thế nào?</h3><p>Trừ khi được nêu khác đi, Booking.com chỉ được cung cấp dịch vụ cho người từ 18 tuổi trở lên. Chúng tôi chỉ xử lý thông tin về trẻ em khi có sự chấp thuận của phụ huynh hoặc người giám hộ hợp pháp, hoặc khi thông tin được chính phụ huynh hoặc người giám hộ hợp pháp chia sẻ với chúng tôi.</p><p><a id=\"children-personal-data-treated-how--read-more\" aria-labelledby=\"children-personal-data-treated-how--read-more children-personal-data-treated-how\" href=\"#children-personal-data-treated-how\" class=\"bf33709ee1 d6d02bd320 af44803caf\"><span>Đọc thêm về dữ liệu cá nhân của người dưới 18 tuổi</span></a></p><h3 class=\"policy_font_display_two\">Làm thế nào để bạn kiểm soát dữ liệu cá nhân mà mình đã cung cấp cho Booking.com?</h3><p>Bên cạnh những quyền khác, bạn có quyền xem dữ liệu cá nhân mà chúng tôi lưu giữ về bạn bất cứ lúc nào, đồng thời yêu cầu quyền truy cập hoặc xóa dữ liệu cá nhân đó bằng cách gửi <a href=\"https://www.booking.com/content/dsar.vi.html?label=gen173nr-1FCBQoggJCB3ByaXZhY3lIM1gEaPQBiAEBmAEquAEXyAEM2AEB6AEB-AECiAIBqAIDuALUoeK0BsACAdICJGVmYWZmODcwLWFjMDMtNDk0MS05YTYwLWIyMGZmOWFlMTIwZtgCBeACAQ&amp;sid=93e0e71d89a21a663a3140264916177c&amp;aid=304142\" class=\"bf33709ee1 d6d02bd320 af44803caf\"><span>biểu mẫu này</span></a>. Nếu muốn tìm hiểu về các quyền kiểm soát dữ liệu cá nhân của bạn, vui lòng đọc tiếp.</p><p><a id=\"personal-data-controlled-how--read-more\" aria-labelledby=\"personal-data-controlled-how--read-more personal-data-controlled-how\" href=\"#personal-data-controlled-how\" class=\"bf33709ee1 d6d02bd320 af44803caf\"><span>Đọc thêm về cách bạn có thể kiểm soát dữ liệu cá nhân của mình</span></a></p><h3 class=\"policy_font_display_two\">Ai chịu trách nhiệm xử lý dữ liệu cá nhân của bạn trên trang web và ứng dụng của Booking.com?</h3><p>Booking.com B.V., có trụ sở tại Amsterdam, Hà Lan, kiểm soát quy trình xử lý dữ liệu cá nhân trên trang web và các ứng dụng cho các dịch vụ của mình. Điều này bao gồm các trang web và ứng dụng di động, ngoại trừ một số các ngoại lệ đã được ghi rõ trong chính sách bảo mật này.</p><p><a id=\"personal-data-processing-responsible--read-more\" aria-labelledby=\"personal-data-processing-responsible--read-more personal-data-processing-responsible\" href=\"#personal-data-processing-responsible\" class=\"bf33709ee1 d6d02bd320 af44803caf\"><span>Đọc thêm về trách nhiệm của Booking.com B.V. đối với dữ liệu cá nhân</span></a></p><h4 class=\"policy_font_display_one\">Quy định theo quốc gia</h4><p>Tùy thuộc vào luật pháp quốc gia mà bạn phải tuân thủ, chúng tôi có thể phải cung cấp thêm một số thông tin. Bạn sẽ tìm thấy thông tin bổ sung cho quốc gia hoặc khu vực của mình ở bên dưới nếu có.</p><p><a id=\"country-specific-provisions--read-more\" aria-labelledby=\"country-specific-provisions--read-more country-specific-provisions\" href=\"#country-specific-provisions\" class=\"bf33709ee1 d6d02bd320 af44803caf\"><span>Đọc thêm về các điều khoản theo quốc gia</span></a></p><hr class=\"privacy-divider\"><h3 id=\"personal-data-collected-type\" class=\"policy_font_display_two\">Booking.com thu thập những loại dữ liệu cá nhân nào?</h3><p>Vậy là bạn muốn biết thêm chi tiết. Sau đây là góc nhìn chi tiết hơn về những gì chúng tôi thu thập.</p><h4 class=\"policy_font_display_one\">Dữ liệu cá nhân bạn cung cấp cho chúng tôi.</h4><p>Booking.com thu thập và sử dụng những thông tin mà bạn cung cấp cho chúng tôi. Khi thực hiện Đặt chỗ Chuyến đi, bạn được yêu cầu cung cấp (ít nhất là) tên và địa chỉ email của mình.</p><p>Tùy vào trường hợp Đặt chỗ Chuyến đi, chúng tôi cũng có thể yêu cầu bạn cung cấp địa chỉ nhà, số điện thoại, thông tin thanh toán, ngày sinh, vị trí hiện tại (trong trường hợp dịch vụ theo yêu cầu), tên người đi cùng bạn và mọi tùy chọn bạn có thể yêu cầu cho Chuyến đi của mình (ví dụ như yêu cầu ăn kiêng hay dành cho người khuyết tật). Trong một số trường hợp, bạn cũng có thể check-in trực tuyến với Nhà cung cấp Chuyến đi. Khi đó, chúng tôi sẽ yêu cầu bạn cung cấp thông tin hộ chiếu hoặc giấy phép lái xe và chữ ký.</p><p>Nếu bạn cần liên hệ với đội ngũ dịch vụ khách hàng của chúng tôi, liên hệ với Nhà cung cấp Chuyến đi qua chúng tôi hoặc liên hệ với chúng tôi bằng hình thức khác (như qua mạng xã hội hoặc chatbot), chúng tôi cũng sẽ thu thập thông tin của bạn từ các kênh đó. Điều này áp dụng cho dù bạn liên hệ với chúng tôi để đóng góp ý kiến hay yêu cầu hỗ trợ sử dụng các dịch vụ của chúng tôi.</p><p>Bạn cũng có thể được mời viết đánh giá để cho các khách khác biết về trải nghiệm Chuyến đi của bạn. Khi bạn viết đánh giá trên nền tảng Booking.com, chúng tôi sẽ thu thập thông tin được bạn cung cấp, cùng với tên và ảnh đại diện (nếu có).</p><p>Cũng có những trường hợp khác mà bạn cung cấp thông tin cho chúng tôi. Ví dụ: khi xem trên thiết bị di động, bạn có thể quyết định cho phép Booking.com thấy vị trí hiện tại của bạn hoặc cho phép chúng tôi truy cập vào một số thông tin liên lạc. Nhờ vậy, chúng tôi có thể cung cấp cho bạn dịch vụ và trải nghiệm tốt nhất trong khả năng của mình, chẳng hạn như cung cấp cho bạn cẩm nang du lịch, gợi ý nhà hàng hoặc địa điểm tham quan gần vị trí của bạn nhất hay đưa ra các gợi ý khác.</p><p>Nếu bạn tạo tài khoản người dùng, chúng tôi cũng sẽ lưu trữ các cài đặt cá nhân, ảnh đã tải lên và nội dung đánh giá về các đơn đặt trước đây. Dữ liệu được lưu lại này có thể được dùng để giúp bạn lập kế hoạch và quản lý các Đặt chỗ Chuyến đi trong tương lai hoặc hưởng lợi từ các chức năng khác chỉ dành cho chủ tài khoản (ví dụ: tặng thưởng hoặc các quyền lợi khác).</p><p>Bạn cũng có thể chọn thêm thông tin chi tiết từ giấy tờ tùy thân vào tài khoản người dùng của mình để không phải điền lại thông tin này mỗi lần Đặt chỗ Chuyến đi.</p><p>Chúng tôi có thể mang lại các chương trình giới thiệu bạn bè hoặc rút thăm trúng thưởng và tham gia các chương trình này cũng có nghĩa là bạn cung cấp cho chúng tôi dữ liệu cá nhân của mình.</p><h4 class=\"policy_font_display_one\">Dữ liệu cá nhân về người khác mà bạn cung cấp cho chúng tôi.</h4><p>Nếu có tài khoản Booking.com for Business, bạn có thể tạo một danh bạ giúp cho việc lên kế hoạch và quản lý việc sắp xếp chuyến đi công tác cho người khác dễ dàng hơn.</p><p>Trong một số trường hợp, bạn có thể dùng Booking.com để chia sẻ thông tin với những người khác. Điều này có thể được thực hiện dưới hình thức chia sẻ một danh sách ưa thích, tham gia chương trình giới thiệu bạn bè, như được mô tả khi bạn dùng tính năng có liên quan.</p><p>Tại thời điểm này, chúng tôi muốn nhấn mạnh rõ ràng là bạn cần chịu trách nhiệm đảm bảo rằng người hoặc những người mà bạn cung cấp dữ liệu cá nhân đều biết rằng bạn đã cung cấp thông tin về họ, và rằng họ hiểu cũng như chấp nhận cách Booking.com sử dụng thông tin của họ (như được mô tả trong Chính sách Bảo mật này).</p><h4 class=\"policy_font_display_one\">Những dữ liệu cá nhân mà chúng tôi tự động thu thập.</h4><p>Cho dù cuối cùng bạn có Đặt chỗ Chuyến đi hay không, khi bạn truy cập trang web hoặc ứng dụng của chúng tôi, chúng tôi sẽ tự động thu thập một số thông tin nhất định. Những thông tin này bao gồm địa chỉ IP, ngày và giờ bạn truy cập dịch vụ của chúng tôi, thông tin về phần cứng và phần mềm máy tính của bạn (ví dụng như hệ điều hành, trình duyệt internet bạn sử dụng, thông tin phiên bản phần mềm/ứng dụng và cài đặt ngôn ngữ của bạn). Chúng tôi cũng thu thập thông tin nhấp chuột và những trang mà bạn đã xem.</p><p>Nếu bạn sử dụng thiết bị di động, chúng tôi cũng thu thập dữ liệu xác minh thiết bị của bạn, thông tin về cài đặt và tính năng của thiết bị, các sự cố của ứng dụng và các hoạt động hệ thống khác. Khi bạn Đặt chỗ Chuyến đi bằng loại thiết bị này, hệ thống của chúng tôi sẽ ghi nhận phương tiện bạn đã sử dụng để đặt chỗ (trên trang web nào), và/hoặc bạn đến trang web/ứng dụng Booking.com qua trang web nào.</p><h4 class=\"policy_font_display_one\">Dữ liệu cá nhân chúng tôi nhận được từ các nguồn khác.</h4><p>Tuy nhiên, không chỉ có những thông tin bạn cung cấp – chúng tôi cũng có thể nhận thông tin về bạn từ các nguồn khác. Những nguồn này bao gồm các đối tác kinh doanh như đối tác liên kết, các công ty con của tập đoàn Booking.com, các công ty khác thuộc tập đoàn Booking Holdings Inc. và các bên thứ ba độc lập khác.</p><p>Bất kỳ dữ liệu nào chúng tôi nhận được từ các đối tác này đều có thể được tổng hợp cùng các thông tin mà bạn đã cung cấp. Ví dụ, dịch vụ Đặt chỗ Chuyến đi của Booking.com không chỉ được cung cấp qua trang web Booking.com hay ứng dụng Booking.com, mà còn được tích hợp vào các dịch vụ của đối tác liên kết mà bạn có thể tìm được trực tuyến. Khi sử dụng bất cứ dịch vụ nào trong số này, bạn cung cấp thông tin đặt chỗ cho đối tác của chúng tôi, rồi họ sẽ chuyển thông tin trên đến chúng tôi.</p><p>Chúng tôi cũng tích hợp dịch vụ từ các bên thứ ba để hỗ trợ thanh toán giữa người đặt và Nhà cung cấp Chuyến đi. Các nhà cung cấp dịch vụ này chia sẻ thông tin thanh toán để chúng tôi có thể quản lý và xử lý Đặt chỗ Chuyến đi của bạn.</p><p>Thêm nữa, chúng tôi thu thập thông tin nếu trong trường hợp đáng tiếc xảy ra mà chúng tôi nhận được lời phàn nàn về bạn từ Nhà cung cấp Chuyến đi, ví dụ, trong trường hợp có các vi phạm xảy ra.</p><p>Một cách khác mà chúng tôi có thể nhận thông tin từ bạn đó là qua các dịch vụ liên lạc được tích hợp trong nền tảng của chúng tôi. Những dịch vụ liên hệ này mang lại cho bạn phương tiện liên hệ với Nhà cung cấp Chuyến đi mà bạn đã đặt để trao đổi về kỳ lưu trú của bạn. Trong một số trường hợp, chúng tôi nhận siêu dữ liệu về các hoạt động liên lạc (chẳng hạn như bạn gọi từ đâu, bạn là ai, ngày tháng gọi và thời lượng của cuộc gọi).</p><p>Chúng tôi cũng có thể nhận được thông tin về bạn để hiển thị các quảng cáo liên quan hơn, chẳng hạn như các dữ liệu cookie bổ sung mà các đối tác mạng xã hội cung cấp cho Booking.com. Vui lòng đọc mục <a id=\"personal-data-collected-why--read-more-2\" aria-labelledby=\"personal-data-collected-why--read-more-2 personal-data-collected-why\" href=\"#personal-data-collected-why\" class=\"bf33709ee1 d6d02bd320 af44803caf\"><span>Vì sao Booking.com thu thập và sử dụng dữ liệu cá nhân của bạn?</span></a> để biết thêm thông tin.</p><p>Khi kết nối tài khoản người dùng Booking.com với tài khoản mạng xã hội của mình, bạn có thể trao đổi dữ liệu giữa Booking.com và nhà cung cấp mạng xã hội đó. Bạn luôn có thể chọn không chia sẻ dữ liệu đó.</p><p>Nhà cung cấp Chuyến đi cũng có thể chia sẻ thông tin về bạn với Booking.com. Điều này có thể xảy ra nếu bạn có những thắc mắc liên quan đến Đặt chỗ Chuyến đi của mình, hoặc khi có tranh chấp hoặc vấn đề liên quan đến Đặt chỗ Chuyến đi.</p><hr class=\"privacy-divider\"><h3 id=\"personal-data-collected-why\" class=\"policy_font_display_two\">Vì sao Booking.com thu thập và sử dụng dữ liệu cá nhân của bạn?</h3><p>Chúng tôi sử dụng thông tin về bạn cho nhiều mục đích khác nhau. Dữ liệu cá nhân của bạn có thể được sử dụng cho các mục đích sau:</p><ol class=\"a27310068a\"><li><p>Đặt chỗ Chuyến đi: Trước nhất và trên hết, chúng tôi dùng dữ liệu cá nhân của bạn để hoàn tất và quản lý thông tin Đặt chỗ Chuyến đi trực tuyến của bạn – đây là bước cần thiết để chúng tôi có thể cung cấp dịch vụ này cho bạn. Quá trình này bao gồm việc gửi cho bạn các thông tin liên quan đến Đặt chỗ Chuyến đi, chẳng hạn như xác nhận (bao gồm cung cấp chứng từ mua hàng và/hoặc thanh toán cho bạn nếu có), các thay đổi và lời nhắc. Trong một số trường hợp, điều này cũng có thể bao gồm việc xử lý dữ liệu cá nhân của bạn để cho phép làm thủ tục nhận phòng trực tuyến với Nhà cung cấp Chuyến đi hoặc xử lý dữ liệu cá nhân liên quan đến các trường hợp đặt cọc đề phòng hư hại có thể xảy ra.</p></li><li><p>Dịch vụ khách hàng: Chúng tôi cung cấp dịch vụ khách hàng quốc tế từ các văn phòng địa phương bằng hơn 20 ngôn ngữ, và chúng tôi luôn sẵn sàng hỗ trợ 24 giờ mỗi ngày, 7 ngày trong tuần. Chia sẻ thông tin về bạn, ví dụ thông tin đặt chỗ hoặc thông tin về tài khoản người dùng của bạn với đội ngũ dịch vụ khách hàng toàn cầu của chúng tôi cho phép chúng tôi đáp ứng nhu cầu của bạn kịp thời khi bạn cần. Điều này bao gồm cả việc giúp bạn liên hệ Nhà cung cấp Chuyến đi phù hợp và giải đáp các câu hỏi của bạn về Đặt chỗ Chuyến đi (hoặc bất kỳ thắc mắc có liên quan nào khác).</p></li><li><p>Tiện ích tài khoản: Người dùng Booking.com có thể tạo tài khoản trên trang web hoặc ứng dụng của chúng tôi. Chúng tôi sử dụng thông tin mà bạn cung cấp để quản lý tài khoản này, giúp bạn thực hiện một số thao tác hữu ích. Bạn có thể quản lý Đặt chỗ Chuyến đi, tận dụng các ưu đãi đặc biệt, Đặt chỗ Chuyến đi cho tương lai và quản lý cài đặt cá nhân một cách dễ dàng.</p><p>Quản lý cài đặt cá nhân cho phép bạn lưu giữ và chia sẻ các danh sách, hình ảnh, xem các Đặt chỗ chuyến đi trước đây một cách dễ dàng và kiểm tra các thông tin liên quan đến chuyến đi mà bạn đã cung cấp. Bạn cũng có thể xem lại các đánh giá mà mình đã gửi.</p><p>Nếu muốn, bạn có thể chia sẻ một số thông tin nhất định trong tài khoản của mình bằng cách tạo ra một hồ sơ công khai gắn với tên hoặc tên hiển thị mà bạn chọn. Nếu bạn đã đăng nhập vào tài khoản của mình và muốn tạo tài khoản Booking.com for Business, chúng tôi có thể sử dụng tên và địa chỉ email của bạn để điền trước vào biểu mẫu đăng ký.</p><p>Nếu bạn là chủ tài khoản Booking.com dành cho Doanh nghiệp, bạn có thể lưu chi tiết liên hệ trong tài khoản, quản lý các đặt chuyến đi công tác và liên kết các tài khoản người dùng khác với cùng một tài khoản Booking.com dành cho Doanh nghiệp.</p></li><li><p>Các nhóm trực tuyến: Chúng tôi có thể tạo cơ hội cho những người dùng có tài khoản kết nối và tương tác với nhau thông qua các hội nhóm hoặc diễn đàn trực tuyến.</p></li><li><p>Các hoạt động tiếp thị: Chúng tôi dùng thông tin của bạn cho các hoạt động tiếp thị. Các hoạt đông này bao gồm:</p><ol type=\"1\"><li><p>Sử dụng thông tin liên hệ và tương tác của bạn trên nền tảng Booking.com (thu thập thông qua cookie và công nghệ theo dõi tương tự) để gửi cho bạn các tin nhắn tiếp thị được cá nhân hóa từ Booking.com (chẳng hạn qua thông báo đẩy hoặc email), bao gồm chương trình khuyến mãi, tin nhắn hỗ trợ tìm kiếm, Genius và các tặng thưởng khác, trải nghiệm du lịch, khảo sát và các cập nhật về sản phẩm và dịch vụ của Booking.com. Bạn có thể hủy đăng ký nhận các bản tin email tiếp thị một cách dễ dàng, nhanh chóng và vào bất kỳ lúc nào. Bạn chỉ cần nhấn vào đường link \"Hủy đăng ký\" trong bản tin hay các thông tin liên lạc khác. Bên cạnh đó bạn cũng có thể quản lý các tùy chọn qua phần cài đặt tài khoản.</p></li><li><p>Dựa theo tương tác của bạn trên nền tảng Booking.com (thu thập thông qua cookie và công nghệ theo dõi tương tự), bạn sẽ có thể thấy sản phẩm tiếp thị được cá nhân hóa từ Booking.com bao gồm chương trình khuyến mãi, tin nhắn hỗ trợ tìm kiếm, Genius và các tặng thưởng khác, trải nghiệm du lịch, khảo sát, cập nhật về sản phẩm và dịch vụ của Booking.com trên trang webBooking.com, ứng dụng di động hoặc trên trang web/ứng dụng của bên thứ ba (bao gồm trang mạng xã hội) và nội dung của những trang đang hiển thị tới bạn có thể được cá nhân hóa. Đây có thể là những ưu đãi và đề xuất mà chúng tôi nghĩ rằng bạn có thể quan tâm và bạn có thể đặt trực tiếp trên nền tảng Booking.com, các trang hợp tác thương hiệu hoặc các trang khác từ bên thứ ba.</p></li><li><p>Khi bạn tham gia các hoạt động quảng cáo khác (như rút thăm trúng thưởng, chương trình giới thiệu bạn bè hoặc các cuộc thi), chỉ có các thông tin liên quan sẽ được sử dụng để quản lý những hoạt động này.</p></li></ol></li><li><p>Liên hệ với bạn: Sẽ có những trường hợp chúng tôi liên hệ với bạn qua email, thông báo đẩy, chatbot, thư từ, điện thoại hoặc tin nhắn và/hoặc xử lý các trao đổi liên hệ nhận được từ bạn.</p><p>Chúng tôi sẽ liên hệ với bạn trong một số trường hợp, bao gồm:</p><ol type=\"1\"><li><p>Trả lời và xử lý các yêu cầu của bạn hay của Nhà cung cấp Chuyến đi bạn đã đặt. Booking.com cũng cung cấp cho khách hàng và Nhà cung cấp Chuyến đi nhiều công cụ để trao đổi thông tin, yêu cầu, nhận xét về dịch vụ của họ và về các trường hợp Đặt chỗ Chuyến đi hiện có thông qua Booking.com. Để biết thêm thông tin, hãy đọc mục có tên <a id=\"communications-trip-provider-processed-how--read-more-2\" aria-labelledby=\"communications-trip-provider-processed-how--read-more-2 communications-trip-provider-processed-how\" href=\"#communications-trip-provider-processed-how\" class=\"bf33709ee1 d6d02bd320 af44803caf\"><span>\"Booking.com xử lý các thông tin trao đổi mà bạn và Nhà cung cấp Chuyến đi có thể gửi qua Booking.com như thế nào?\"</span></a>.</p></li><li><p>Nếu bạn chưa hoàn tất tìm kiếm Chuyến đi hoặc Đặt chỗ trực tuyến, chúng tôi có thể liên hệ để nhắc bạn tiếp tục với tìm kiếm hoặc đặt chỗ. Chúng tôi tin rằng điều này có lợi cho bạn vì bạn có thể tiếp tục quá trình còn dang dở của mình mà không phải tìm lại Nhà cung cấp Chuyến đi hay nhập lại thông tin.</p></li><li><p>Khi bạn sử dụng sản phẩm hoặc dịch vụ của chúng tôi, chúng tôi sẽ gửi cho bạn phiếu câu hỏi hoặc mời bạn viết đánh giá về trải nghiệm của mình với Booking.com hoặc Nhà cung cấp Chuyến đi.</p></li><li><p>Chúng tôi cũng sẽ gửi cho bạn một số thông tin khác liên quan đến Đặt chỗ Chuyến đi của bạn, ví dụ như làm thế nào để liên hệ với Booking.com nếu bạn cần hỗ trợ khi đang đi xa cũng như những thông tin chúng tôi cho rằng sẽ hữu ích với bạn khi lên kế hoạch chuyến đi hoặc để tận hưởng kỳ nghỉ một cách trọn vẹn nhất. Chúng tôi cũng có thể gửi thông tin liên quan tới các Đặt chỗ Chuyến đi sắp tới hoặc tóm tắt về các Đặt chỗ Chuyến đi mà bạn đã thực hiện trước đó qua Booking.com.</p></li><li><p>Kể cả khi bạn không có yêu cầu Đặt chỗ Chuyến đi nào sắp tới, chúng tôi cũng có thể cần gửi cho bạn các tin nhắn quản trị, có thể bao gồm cảnh báo bảo mật.</p></li><li><p>Trong trường hợp có hành vi sai phạm, chúng tôi có thể gửi thông báo và/hoặc cảnh báo cho bạn.</p></li></ol></li><li><p>Nghiên cứu thị trường: Đôi khi chúng tôi cũng mời khách tham gia vào khảo sát nghiên cứu thị trường. Vui lòng xem thông tin được cung cấp khi bạn được mời tham gia để hiểu dữ liệu cá nhân nào sẽ được thu thập và cách dữ liệu cá nhân của bạn sẽ được sử dụng.</p></li><li><p>Nâng cao chất lượng dịch vụ: Chúng tôi cũng sử dụng dữ liệu cá nhân cho các mục đích phân tích và cải tiến sản phẩm của chúng tôi, chẳng hạn như cung cấp trải nghiệm cá nhân hóa hơn dựa trên cách bạn sử dụng nền tảng của chúng tôi để đặt chỗ nghỉ đã chọn. Hơn nữa, dữ liệu cá nhân của bạn cũng có thể được sử dụng để phát triển và nâng cao các mô hình học máy và công cụ trí tuệ nhân tạo của chúng tôi. Đây là một phần trong cam kết của chúng tôi nhằm cải thiện dịch vụ của mình và nâng cao trải nghiệm cho người dùng.</p><p>Trong trường hợp đó, chúng tôi sử dụng dữ liệu cho mục đích thử nghiệm, xử lý sự cố cũng như đưa ra các con số thống kê về doanh nghiệp của mình. Mục tiêu chính ở đây là để hiểu rõ năng lực dịch vụ của chúng tôi, các dịch vụ được sử dụng như thế nào và cuối cùng là để tối ưu hoá và tùy chỉnh trang web cũng như các ứng dụng của chúng tôi sao cho dễ sử dụng hơn và mang lại nhiều lợi ích hơn. Chúng tôi cố gắng sử dụng dữ liệu cá nhân ẩn danh và không có thông tin nhận dạng nhiều nhất có thể cho công việc phân tích này.</p></li><li><p>Mang đến giá tốt nhất có thể cho bạn, tùy vào bạn đang ở đâu: Khi tìm kiếm trên ứng dụng hay trang web, ví dụ để tìm chỗ nghỉ, xe ô tô thuê hay chuyến bay, chúng tôi xử lý địa chỉ IP của bạn để xác nhận bạn ở Khu vực Kinh tế Châu Âu (EEA) hay một quốc gia khác. Chúng tôi làm vậy để mang lại giá tốt nhất cho khu vực (EEA) hay quốc gia (không thuộc EEA) tùy thuộc bạn ở đâu.</p></li><li><p>Đánh giá của khách và các thông tin khác liên quan đến điểm đến: Trong và sau khi hoàn tất Chuyến đi, bạn có thể được mời viết đánh giá. Chúng tôi cũng có thể cho phép những du khách đi cùng bạn hoặc khách được bạn thay mặt đặt chỗ viết đánh giá. Thư mời này sẽ hỏi về những thông tin liên quan đến Nhà cung cấp Chuyến đi hoặc điểm đến.</p><p>Nếu có tài khoản Booking.com, bạn có thể chọn hiển thị biệt danh thay vì tên thật bên cạnh bài đánh giá của mình. Nếu bạn muốn thiết lập biệt danh, bạn có thể làm vậy trong cài đặt tài khoản. Bạn cũng có thể thêm ảnh đại diện nếu muốn.</p><p>Nếu hoàn thành bài đánh giá, tức là bạn đồng ý rằng bài đánh giá đó có thể hiển thị (như được mô tả chi tiết trong <a href=\"https://www.booking.com/content/terms?label=gen173nr-1FCBQoggJCB3ByaXZhY3lIM1gEaPQBiAEBmAEquAEXyAEM2AEB6AEB-AECiAIBqAIDuALUoeK0BsACAdICJGVmYWZmODcwLWFjMDMtNDk0MS05YTYwLWIyMGZmOWFlMTIwZtgCBeACAQ&amp;sid=93e0e71d89a21a663a3140264916177c&amp;aid=304142\" class=\"bf33709ee1 d6d02bd320 af44803caf\"><span>Điều khoản và Điều kiện</span></a> của chúng tôi), ví dụ như trong trang thông tin của Nhà cung cấp Chuyến đi trên trang web, ứng dụng di động, các tài khoản và ứng dụng mạng xã hội của chúng tôi hoặc trên nền tảng trực tuyến của Nhà cung cấp Chuyến đi có liên quan hoặc trên trang web của đối tác kinh doanh. Bài đánh giá này giúp các du khách khác hiểu rõ hơn về chất lượng Dịch vụ Chuyến đi bạn đã dùng, điểm đến bạn đã chọn hoặc các trải nghiệm khác mà bạn đã chọn chia sẻ.</p></li><li><p>Giám sát cuộc gọi: Khi bạn gọi đến đội ngũ chăm sóc khách hàng của chúng tôi, Booking.com sẽ sử dụng một hệ thống nhận diện số điện thoại tự động để kết nối số điện thoại của bạn với đặt chỗ mà bạn đang có. Điều này giúp tiết kiệm thời gian cho cả bạn và nhân viên hỗ trợ của chúng tôi. Nhân viên hỗ trợ có thể vẫn sẽ hỏi bạn một số thông tin để xác thực, điều này đảm bảo tính bảo mật cho đặt chỗ của bạn.</p><p>Trong các cuộc gọi với nhân viên dịch vụ khách hàng của chúng tôi, cuộc gọi có thể được nghe trực tiếp hoặc được ghi âm cho mục đích quản lý chất lượng dịch vụ và đào tạo. Điều này bao gồm việc sử dụng bản ghi âm cho mục đích xử lý các phàn nàn, khiếu nại pháp lý và phát hiện hành vi gian lận.</p><p>Chúng tôi không ghi âm tất cả các cuộc gọi. Trong trường hợp chúng tôi ghi âm một cuộc gọi, mỗi bản ghi âm sẽ được lưu trữ trong một khoảng thời gian nhất định trước khi tự động bị xoá. Điều này xảy ra trừ phi chúng tôi xác định rằng cần giữ bản ghi âm cho mục đích điều tra hành vi gian lận hoặc mục đích pháp lý. Bạn có thể đọc thêm về điều này ở bên dưới.</p></li><li><p>Xây dựng một dịch vụ an toàn và đáng tin cậy: Nhằm tạo ra một môi trường đáng tin cậy cho bạn cũng như những người đi cùng Chuyến đi với bạn, các đối tác kinh doanh và Nhà cung cấp Chuyến đi của Booking.com, chúng tôi không ngừng phân tích và sử dụng một số dữ liệu cá nhân để phát hiện và ngăn chặn hành vi gian lận, các hoạt động phi pháp hoặc ngoài mong muốn khác.</p><p>Tương tự, chúng tôi cũng sử dụng dữ liệu cá nhân cho các mục đích bảo mật và đánh giá rủi ro, bao gồm việc xác thực người dùng và đặt chỗ, hoặc khi bạn báo cáo mối lo ngại về an toàn. Trong trường hợp này, chúng tôi có thể phải chấm dứt hoặc tạm dừng một số yêu cầu Đặt chỗ Chuyến đi cho đến khi hoàn thành xong việc đánh giá.</p></li><li><p>Mục đích pháp lý: Trong một số trường hợp, chúng tôi có thể cần sử dụng thông tin của bạn để xử lý và giải quyết các khiếu nại và tranh chấp pháp lý, để điều tra và tuân thủ pháp luật, để thực thi các điều khoản sử dụng dịch vụ đặt chỗ trực tuyến của Booking.com, hoặc để tuân thủ các yêu cầu pháp lý của cơ quan hành pháp. Ngoài ra, chúng tôi có thể xử lý ID người dùng của bạn, được liên kết với địa chỉ email được sử dụng để tạo tài khoản của bạn, cho mục đích kế toán theo yêu cầu của Đạo luật Thị trường Kỹ thuật số (Digital Markets Act).</p><p>Việc bạn cung cấp dữ liệu cá nhân cho Booking.com là hoàn toàn tự nguyện. Tuy nhiên, chúng tôi chỉ có thể cung cấp cho bạn một số dịch vụ nhất định nếu có thể thu thập một số dữ liệu cá nhân nhất định. Ví dụ: chúng tôi không thể xử lý yêu cầu Đặt chỗ Chuyến đi của bạn nếu không thu thập tên và thông tin liên hệ của bạn.</p><p>Nếu sử dụng phương tiện tự động để xử lý dữ liệu cá nhân có ảnh hưởng pháp lý hoặc ảnh hưởng đáng kể theo cách tương tự đến bạn, chúng tôi sẽ luôn thực hiện các biện pháp phù hợp để bảo vệ quyền và sự tự do của bạn. Điều này bao gồm quyền được can thiệp của con người.</p></li></ol><h4 class=\"policy_font_display_one\">Để xử lý dữ liệu cá nhân của bạn như đã mô tả ở trên, chúng tôi dựa vào các căn cứ pháp lý sau:</h4><p>Đối với mục đích A và B, Booking.com dựa trên cơ sở pháp lý rằng việc xử lý dữ liệu cá nhân là cần thiết để thực hiện hợp đồng, cụ thể là hoàn thành và quản lý Đặt chỗ Chuyến đi của bạn.</p><p>Nếu không nhận được dữ liệu cá nhân bắt buộc, Booking.com sẽ không thể hoàn tất việc Đặt chỗ Chuyến đi cũng như không thể cung cấp dịch vụ khách hàng. Đối với mục đích C đến L, Booking.com dựa vào lợi ích hợp pháp của mình (hoặc của các bên thứ ba) để cung cấp và cải thiện các dịch vụ, ngăn chặn hành vi gian lận và phi pháp khác (như đã nêu chi tiết trong mục C đến L).</p><p>Khi sử dụng dữ liệu cá nhân để phục vụ lợi ích hợp pháp của Booking.com hoặc của bên thứ ba, Booking.com sẽ luôn cân bằng quyền và lợi ích của bạn trong việc bảo vệ dữ liệu cá nhân của bạn với quyền và lợi ích của Booking.com hoặc của bên thứ ba. Đối với mục đích M, Booking.com cũng dựa vào việc tuân thủ các nghĩa vụ pháp lý (chẳng hạn như các yêu cầu thực thi pháp luật hợp pháp).</p><p>Cuối cùng, khi cần thiết theo luật hiện hành, Booking.com sẽ cần được bạn chấp thuận (hoặc theo yêu cầu khác của pháp luật) trước khi xử lý dữ liệu cá nhân của bạn, bao gồm cả cookie, các công nghệ theo dõi tương tự cũng như cho các mục đích tin nhắn tiếp thị.</p><p>Nếu bạn muốn phản đối quá trình xử lý được quy định từ mục C đến L và không có cơ chế từ chối trực tiếp nào dành cho bạn (ví dụ: trong email tiếp thị hoặc cài đặt tài khoản), vui lòng liên hệ với chúng tôi theo địa chỉ <a href=\"mailto:dataprotectionoffice@booking.com\" class=\"bf33709ee1 d6d02bd320 af44803caf\"><span>dataprotectionoffice@booking.com</span></a> hoặc truy cập <a href=\"https://www.booking.com/content/dsar.vi.html?label=gen173nr-1FCBQoggJCB3ByaXZhY3lIM1gEaPQBiAEBmAEquAEXyAEM2AEB6AEB-AECiAIBqAIDuALUoeK0BsACAdICJGVmYWZmODcwLWFjMDMtNDk0MS05YTYwLWIyMGZmOWFlMTIwZtgCBeACAQ&amp;sid=93e0e71d89a21a663a3140264916177c&amp;aid=304142\" class=\"bf33709ee1 d6d02bd320 af44803caf\"><span>biểu mẫu này</span></a>.</p><hr class=\"privacy-divider\"><h3 id=\"personal-data-3rd-parties-shared-how\" class=\"policy_font_display_two\">Booking.com chia sẻ thông tin của bạn với các bên thứ ba như thế nào?</h3><p>Trong một số trường hợp chúng tôi sẽ chia sẻ dữ liệu cá nhân của bạn với bên thứ ba. Các bên thứ ba bao gồm:</p><ol type=\"1\"><li><p>Nhà cung cấp Chuyến đi bạn đã đặt: Để có thể hoàn tất Đặt chỗ Chuyến đi của bạn, chúng tôi chuyển một số chi tiết cần thiết tới Nhà cung cấp Chuyến đi bạn đã đặt. Đây là một trong những việc quan trọng nhất mà chúng tôi làm cho bạn:</p><p>Tùy theo Đặt chỗ Chuyến đi và Nhà cung cấp Chuyến đi, những thông tin này có thể bao gồm tên của bạn, chi tiết liên hệ, thông tin thanh toán, tên người đi cùng và bất kỳ tùy chọn hay các thông tin khác bạn đã nêu khi thực hiện Đặt chỗ Chuyến đi.</p><p>Trong một số trường hợp nhất định, chúng tôi cũng cung cấp thông tin lịch sử bổ sung về bạn đến Nhà cung cấp Chuyến đi. Điều này bao gồm việc bạn đã từng đặt với họ hay chưa, số lượng đặt chỗ bạn đã hoàn thành với Booking.com, xác nhận bạn chưa có hành vi vi phạm nào bị báo cáo, phần trăm đơn đặt chỗ bị hủy hay bạn có để lại đánh giá về những đặt chỗ trong quá khứ hay không.</p><p>Nếu bạn có thắc mắc về Chuyến đi của mình, chúng tôi có thể sẽ liên hệ với Nhà cung cấp Chuyến đi để họ giải quyết yêu cầu của bạn. Trừ khi thanh toán được thực hiện trong quá trình đặt chỗ trên trang web Booking.com, chúng tôi sẽ chuyển tiếp thông tin chi tiết về thẻ tín dụng của bạn cho Nhà cung cấp Chuyến đi mà bạn đã đặt để họ tiếp tục xử lý (với điều kiện bạn đã cung cấp cho chúng tôi những thông tin chi tiết này).</p><p>Trong trường hợp có khiếu nại hoặc tranh chấp liên quan đến việc Đặt chỗ Chuyến đi, chúng tôi có thể cung cấp cho Nhà cung cấp Chuyến đi các thông tin liên hệ của bạn và thông tin khác về quá trình đặt chỗ (khi cần thiết để giải quyết trường hợp đó). Thông tin này có thể bao gồm, nhưng không giới hạn ở địa chỉ email của bạn và một bản sao xác nhận đặt chỗ làm bằng chứng cho thấy yêu cầu Đặt chỗ Chuyến đi đã được thực hiện hoặc để xác nhận lý do hủy.</p><p>Để hoàn thành, Nhà cung cấp Chuyến đi sẽ tiếp tục xử lý dữ liệu cá nhân của bạn, ngoài sự kiểm soát của Booking.com. Nhà cung cấp Chuyến đi cũng có thể yêu cầu thêm dữ liệu cá nhân, chẳng hạn như để cung cấp các dịch vụ bổ sung hoặc tuân thủ các quy định giới hạn tại địa phương. Nếu có thể, vui lòng đọc Chính sách Bảo mật của Nhà cung cấp Chuyến đi để hiểu cách họ xử lý dữ liệu cá nhân của bạn.</p></li><li><p>Đối tác Kết nối: Xin lưu ý rằng một số Nhà cung cấp Chuyến đi có thể cần chúng tôi chia sẻ dữ liệu cá nhân của bạn với một Đối tác Kết nối đã ký kết hợp đồng để có thể hoàn tất và quản lý yêu cầu đặt chỗ của bạn. Đối tác Kết nối đại diện cho Nhà cung cấp Chuyến đi và giúp họ quản lý các yêu cầu đặt chỗ.</p></li><li><p>Văn phòng Booking.com tại địa phương: Nhằm hỗ trợ việc sử dụng các dịch vụ của Booking.com, các thông tin của bạn có thể được chia sẻ với các công ty con là thành viên của tập đoàn Booking.com, bao gồm cho dịch vụ khách hàng. Để tìm hiểu thêm về tập đoàn Booking.com, hãy xem mục <a href=\"https://www.booking.com/content/about?label=gen173nr-1FCBQoggJCB3ByaXZhY3lIM1gEaPQBiAEBmAEquAEXyAEM2AEB6AEB-AECiAIBqAIDuALUoeK0BsACAdICJGVmYWZmODcwLWFjMDMtNDk0MS05YTYwLWIyMGZmOWFlMTIwZtgCBeACAQ&amp;sid=93e0e71d89a21a663a3140264916177c&amp;aid=304142\" class=\"bf33709ee1 d6d02bd320 af44803caf\"><span>Về Booking.com</span></a>.</p></li><li><p>Nhà cung cấp dịch vụ bên thứ ba: Chúng tôi sử dụng nhà cung cấp dịch vụ, có thể không phải trong cùng tập đoàn Booking.com, để hỗ trợ chúng tôi trong việc cung cấp dịch vụ. Các dịch vụ này bao gồm:</p><ul><li><p>hỗ trợ khách hàng</p></li><li><p>nghiên cứu thị trường</p></li><li><p>Phát hiện và ngăn chặn gian lận (bao gồm rà soát chống lừa đảo)</p></li><li><p>Yêu cầu bồi thường bảo hiểm</p></li><li><p>Thanh toán</p><p>Chúng tôi sử dụng các bên thứ ba để xử lý thanh toán, bồi hoàn hoặc cung cấp dịch vụ thu tiền. Khi có yêu cầu tiền bồi hoàn cho Đặt chỗ Chuyến đi của bạn, dù là từ bạn hay chủ thẻ tín dụng dùng để đặt chỗ, chúng tôi có thể cần phải chia sẻ một số thông tin nhất định về đặt chỗ với nhà cung cấp dịch vụ thanh toán và tổ chức tài chính có liên quan để xử lý việc bồi hoàn. Thông tin này có thể bao gồm bản sao xác nhận đặt chỗ của bạn hoặc địa chỉ IP đã dùng để thực hiện đặt chỗ. Chúng tôi có thể chia sẻ thông tin với các tổ chức tài chính có liên quan nếu nhận thấy điều này thực sự cần thiết cho mục đích phát hiện và phòng tránh gian lận.</p><p>Khi có yêu cầu tiền bồi hoàn cho Đặt chỗ Chuyến đi của bạn, dù là từ bạn hay chủ thẻ tín dụng dùng để đặt chỗ, chúng tôi có thể cần phải chia sẻ một số thông tin nhất định về đặt chỗ với nhà cung cấp dịch vụ thanh toán và tổ chức tài chính có liên quan để xử lý việc bồi hoàn. Thông tin này có thể bao gồm bản sao xác nhận đặt chỗ của bạn hoặc địa chỉ IP đã dùng để thực hiện đặt chỗ.</p><p>Chúng tôi có thể chia sẻ thông tin với các tổ chức tài chính có liên quan nếu nhận thấy điều này thực sự cần thiết cho mục đích phát hiện và phòng tránh gian lận.</p></li><li><p>Dịch vụ tiếp thị</p><p>Chúng tôi chia sẻ dữ liệu cá nhân với các đối tác quảng cáo, bao gồm địa chỉ email, địa chỉ IP và số điện thoại của bạn, như một phần trong dịch vụ tiếp thị của Booking.com thông qua bên thứ ba (để đảm bảo rằng quảng cáo phù hợp được hiển thị cho đúng đối tượng). Chúng tôi dùng các kỹ thuật, chẳng hạn như băm (hashing) để cho phép ghép địa chỉ email, địa chỉ IP và/hoặc số điện thoại của bạn với cơ sở dữ liệu khách hàng hiện có, nhằm ngăn chặn việc những dữ liệu này được sử dụng vào các mục đích khác. Để biết thêm thông tin về các quảng cáo khác được cá nhân hoá và lựa chọn của bạn, vui lòng đọc <a id=\"cookie-statement--read-more-4\" aria-labelledby=\"cookie-statement--read-more-4 cookie-statement\" href=\"#cookie-statement\" class=\"bf33709ee1 d6d02bd320 af44803caf\"><span>Chính sách Cookie</span></a> của chúng tôi.</p></li><li><p>Đối tác quảng cáo</p><p>Chúng tôi hợp tác với các đối tác quảng cáo, chẳng hạn như nhà cung cấp dịch vụ tìm kiếm metasearch, để giúp bạn so sánh các ưu đãi của chúng tôi với các ưu đãi của những Đại lý Du lịch Trực tuyến (OTA) khác. Khi bạn đặt chỗ trên Booking.com sau khi sử dụng một đối tác quảng cáo, chúng tôi sẽ gửi thông tin chi tiết đặt chỗ mà bạn đã thực hiện trên Booking.com cho đối tác đó.</p></li></ul></li><li><p>Các bên thứ ba chuyên nghiệp khác: Trong một số trường hợp (chẳng hạn như tranh chấp hoặc khiếu nại pháp lý hoặc liên quan đến hoạt động kiểm toán), chúng tôi có thể cần chia sẻ dữ liệu cá nhân của bạn với các cố vấn chuyên nghiệp. Các cố vấn này bao gồm các bên như công ty luật hoặc kiểm toán viên. Chúng tôi chỉ chia sẻ dữ liệu cá nhân của bạn trong phạm vi cần thiết và các bên thứ ba đó sẽ xử lý dữ liệu này theo nghĩa vụ nghề nghiệp của họ.</p></li><li><p>Nhà chức trách có thẩm quyền: Chúng tôi tiết lộ dữ liệu cá nhân cho cơ quan thực thi pháp luật theo quy định của pháp luật hoặc khi thực sự cần thiết nhằm đề phòng, phát hiện hoặc truy cứu các hành vi phạm tội và gian lận. Chúng tôi có thể cần tiết lộ thêm dữ liệu cá nhân cho nhà chức trách có thẩm quyền (bao gồm cả cơ quan thuế và thành phố) để tuân thủ nghĩa vụ pháp lý (chẳng hạn như theo luật cho thuê ngắn hạn), nhằm bảo vệ và bào chữa cho quyền lợi của chúng tôi hay quyền lợi và tài sản của đối tác kinh doanh của chúng tôi.</p></li><li><p>Đối tác kinh doanh: Chúng tôi hợp tác với nhiều đối tác kinh doanh trên toàn thế giới. Những đối tác kinh doanh này phân phối và quảng cáo dịch vụ Booking.com, bao gồm các sản phẩm và dịch vụ của các Nhà cung cấp Chuyến đi của chúng tôi.</p><p>Khi bạn đặt chỗ trên trang web hay ứng dụng của một trong các đối tác kinh doanh của chúng tôi, một số dữ liệu cá nhân mà bạn cung cấp cho họ, chẳng hạn như tên và địa chỉ email, địa chỉ, thông tin thanh toán của bạn và các thông tin khác có liên quan, sẽ được chuyển tiếp cho chúng tôi để hoàn tất và quản lý yêu cầu Đặt chỗ Chuyến đi của bạn.</p><p>Nếu dịch vụ khách hàng được cung cấp bởi đối tác kinh doanh, Booking.com sẽ chia sẻ các chi tiết liên quan đến đặt chỗ của bạn với các đối tác kinh doanh (khi cần thiết) để cung cấp cho bạn hỗ trợ phù hợp và hiệu quả.</p><p>Khi bạn thực hiện một đặt chỗ thông qua trang web của một trong các đối tác kinh doanh của chúng tôi, các đối tác kinh doanh có thể nhận một số dữ liệu cá nhân của bạn liên quan đến đặt chỗ cụ thể đó và tương tác của bạn trên trang web của đối tác đó. Điều này phục vụ cho mục đích thương mại của họ.</p><p>Khi bạn thực hiện một đặt chỗ trên trang web của đối tác kinh doanh, vui lòng dành thời gian để đọc chính sách bảo mật của họ nếu bạn muốn biết họ sẽ xử lý dữ liệu cá nhân của bạn như thế nào. Với những đối tác kinh doanh này, chúng tôi có thể đóng vai trò là bên đồng kiểm soát. Nếu bạn chọn thực hiện quyền chủ thể dữ liệu của mình với các đối tác kinh doanh của chúng tôi, chúng tôi có thể hỗ trợ để đảm bảo đáp ứng đầy đủ yêu cầu của bạn.</p><p>Nhằm mục đích phát hiện và ngăn chặn hành vi gian lận, chúng tôi cũng có thể trao đổi thông tin về người dùng với các đối tác kinh doanh – nhưng chỉ khi thực sự cần thiết.</p><p>Nếu một yêu cầu bồi thường bảo hiểm được đưa ra, liên quan đến bạn và Nhà cung cấp Chuyến đi, chúng tôi có thể cung cấp dữ liệu cần thiết (bao gồm cả dữ liệu cá nhân) cho công ty bảo hiểm để tiếp tục xử lý thêm.</p><ul><li><p>Ưu Đãi Từ Đối Tác: Chúng tôi có thể giới thiệu với bạn \"Ưu Đãi Từ Đối Tác\". Khi bạn đặt chỗ lưu trú có nhãn \"Ưu Đãi Từ Đối Tác\", Nhà cung cấp Chuyến đi (không liên quan đến đơn vị chỗ nghỉ mà bạn đang đặt) sẽ hỗ trợ cho yêu cầu đặt chỗ của bạn. Trong quá trình đặt chỗ, chúng tôi cần chia sẻ một số dữ liệu cá nhân có liên quan cho đối tác kinh doanh này.</p><p>Nếu bạn đặt chỗ có Ưu Đãi Từ Đối Tác, vui lòng xem lại thông tin đã cung cấp trong quá trình đặt chỗ hoặc xác nhận đặt chỗ để biết thêm thông tin về Nhà cung cấp Chuyến đi, cũng như cách họ sẽ xử lý thêm dữ liệu cá nhân của bạn.</p></li></ul></li><li><p>Tập đoàn Booking Holdings Inc.: Vui lòng đọc về <a id=\"personal-data-holdings-shared-how--read-more-3\" aria-labelledby=\"personal-data-holdings-shared-how--read-more-3 personal-data-holdings-shared-how\" href=\"#personal-data-holdings-shared-how\" class=\"bf33709ee1 d6d02bd320 af44803caf\"><span>cách chúng tôi chia sẻ dữ liệu cá nhân của bạn với tập đoàn Booking Holdings Inc.</span></a>.</p></li></ol><p>Booking.com là một doanh nghiệp toàn cầu. Dữ liệu mà chúng tôi thu thập từ bạn, như được mô tả trong Chính sách Bảo mật này, có thể truy cập được từ, được chuyển đến hoặc lưu trữ tại các quốc gia có thể không có cùng luật bảo vệ dữ liệu như quốc gia mà ban đầu bạn đã cung cấp thông tin. Trong những trường hợp như vậy, chúng tôi sẽ bảo vệ dữ liệu của bạn như được mô tả trong Chính sách Bảo mật này.</p><p>Điều này cũng có thể áp dụng nếu bạn ở Khu vực Kinh tế Châu Âu (EEA). Luật tại các quốc gia mà dữ liệu của bạn được chuyển đến có thể không có cùng mức độ bảo vệ dữ liệu cá nhân của bạn như luật trong EEA. Trong trường hợp này, chúng tôi sẽ áp dụng các biện pháp bảo vệ thích hợp để đảm bảo rằng các hoạt động chuyển dữ liệu này tuân thủ luật bảo mật của Châu Âu.</p><p>Cụ thể, khi dữ liệu của bạn được chuyển cho các nhà cung cấp dịch vụ bên thứ ba, chúng tôi sẽ thiết lập và thực hiện các biện pháp phù hợp theo hợp đồng, về mặt tổ chức và kỹ thuật với các nhà cung cấp đó. Chúng tôi thực hiện việc này bằng cách áp dụng các Điều khoản Tiêu chuẩn trong Hợp đồng được Ủy ban Châu Âu phê duyệt, bằng cách kiểm tra xem quốc gia nào mà dữ liệu có thể được chuyển đến, và bằng cách áp đặt các biện pháp bảo mật cụ thể về mặt kỹ thuật và tổ chức.</p><p>\r\n                        Trong một số trường hợp cụ thể, chúng tôi chuyển dữ liệu của bạn ra bên ngoài EEA vì lợi ích của bạn hoặc cần thiết để ký kết hay thực hiện hợp đồng mà chúng tôi có với bạn. Ví dụ: khi bạn đặt chỗ trên Booking.com hoặc thông qua một đối tác kinh doanh, chúng tôi có thể cần chuyển dữ liệu của bạn cho Nhà cung cấp Chuyến đi hoặc đối tác kinh doanh ở bên ngoài EEA.\r\n                    </p><p>Bạn có thể yêu cầu chúng tôi cho xem bản sao của các biện pháp bảo vệ đã thực hiện (trong trường hợp có thể) bằng cách liên hệ với chúng tôi qua địa chỉ email <a href=\"mailto:dataprotectionoffice@booking.com\" class=\"bf33709ee1 d6d02bd320 af44803caf\"><span>dataprotectionoffice@booking.com</span></a>.</p><hr class=\"privacy-divider\"><h3 id=\"personal-data-holdings-shared-how\" class=\"policy_font_display_two\">Dữ liệu cá nhân của bạn được chia sẻ trong tập đoàn Booking Holdings Inc. như thế nào?</h3><p>Booking.com là một thành viên của tập đoàn Booking Holdings Inc.. Hãy xem thêm thông tin tại trang web <a target=\"_blank\" href=\"https://www.bookingholdings.com/\" class=\"bf33709ee1 d6d02bd320 bui-link bui-link--primary af44803caf\"><span>Bookingholdings.com</span></a>.</p><p>Chúng tôi có thể nhận dữ liệu cá nhân của bạn từ các công ty khác trong tập đoàn Booking Holdings Inc. hoặc chia sẻ dữ liệu cá nhân của bạn với họ cho các mục đích sau:</p><ol class=\"a27310068a\"><li><p>Cung cấp dịch vụ (bao gồm tạo, quản trị và quản lý đặt chỗ hoặc xử lý thanh toán)</p></li><li><p>Cung cấp dịch vụ hỗ trợ khách hàng</p></li><li><p>Phát hiện, phòng chống và điều tra gian lận, các hoạt động phạm pháp và rò rỉ dữ liệu</p></li><li><p>Vì các mục địch phân tích và cải thiện sản phẩm</p></li><li><p>Cung cấp ưu đãi được cá nhân hóa hoặc gửi tiếp thị dưới sự chấp thuận của bạn hoặc dưới sự cho phép của luật hiện hành;</p></li><li><p>Cho việc host, hỗ trợ kỹ thuật, bảo trì chung và bảo trì bảo mật của những thông tin được chia sẻ đó</p></li><li><p>Để đảm bảo tuân thủ pháp luật hiện hành</p></li></ol><p>Trong trường hợp áp dụng và trừ khi được nêu khác, để phục vụ các mục đích A đến F, Booking.com dựa vào lợi ích hợp pháp để chia sẻ và nhận dữ liệu cá nhân. Đối với mục đích G, tùy vào từng trường hợp, Booking.com sẽ tuân thủ các nghĩa vụ pháp lý (các yêu cầu pháp lý của cơ quan hành pháp).</p><p>Chẳng hạn, Booking.com làm việc chặt chẽ với Rentalcars.com để cung cấp dịch vụ giao thông đường bộ cho khách hàng của mình. Vui lòng xem <a id=\"personal-data-transport-services-shared-how--read-more\" aria-labelledby=\"personal-data-transport-services-shared-how--read-more personal-data-transport-services-shared-how\" href=\"#personal-data-transport-services-shared-how\" class=\"bf33709ee1 d6d02bd320 af44803caf\"><span>Các dữ liệu cá nhân của bạn được chia sẻ và xử lý thêm cho các dịch vụ giao thông đường bộ như thế nào?</span></a> để biết thêm thông tin.</p><p>Tất cả các công ty trực thuộc tập đoàn Booking Holdings Inc. có thể sẽ cần trao đổi dữ liệu cá nhân của khách để bảo vệ tất cả người dùng khỏi các hoạt động gian lận trên các kênh trực tuyến của họ.</p><hr class=\"privacy-divider\"><h3 id=\"personal-data-transport-services-shared-how\" class=\"policy_font_display_two\">Dữ liệu cá nhân của bạn được chia sẻ và xử lý thêm cho các dịch vụ vận tải đường bộ như thế nào?</h3><p>Booking.com Transport Limited (có trang web giao dịch là Rentalcars.com) là công ty trách nhiệm hữu hạn tư nhân, được thành lập theo luật pháp của Vương quốc Anh và có văn phòng tại 6 Goods Yard Street, Manchester, M3 3BG, Vương quốc Anh.</p><p>Booking.com và Rentalcars.com (đều là các công ty trong tập đoàn Booking Holdings Inc.) hợp tác chặt chẽ với nhau để cung cấp các dịch vụ vận tải đường bộ qua các ứng dụng và trang web của Booking.com, chẳng hạn như cars.booking.com hay taxi.booking.com.</p><p>Các dịch vụ vận tải đường bộ được cung cấp qua các trang web và ứng dụng của Booking.com đều do Rentalcars.com điều hành, dưới thương hiệu Booking.com. Điều này có nghĩa là khi bạn đặt chỗ hoặc tìm kiếm dịch vụ vận tải đường bộ qua ứng dụng hay trang web, Booking.com và Rentalcars.com cùng có trách nhiệm trong việc thu thập và sử dụng dữ liệu cá nhân của bạn.</p><p>Ngoài dữ liệu chúng tôi xử lý để cho phép bạn tìm kiếm các dịch vụ vận tải đường bộ và để đặt chỗ, Booking.com và Rentalcars.com cũng sẽ sử dụng dữ liệu cá nhân của bạn một cách độc lập. Điều này phù hợp với các mục đích nêu trong Chính sách Bảo mật này và Chính sách Bảo mật của Rentalcars.com.</p><p>Để biết thêm thông tin chi tiết về mối quan hệ giữa Booking.com và Rentalcars.com, cũng như để thực thi quyền liên quan đến dữ liệu cá nhân của bạn được thu thập qua các trang web và ứng dụng của Booking.com, vui lòng liên hệ với chúng tôi bất cứ lúc nào. Bạn có thể liên hệ qua địa chỉ email được ghi trong mục <a id=\"personal-data-processing-responsible--read-more\" aria-labelledby=\"personal-data-processing-responsible--read-more personal-data-processing-responsible\" href=\"#personal-data-processing-responsible\" class=\"bf33709ee1 d6d02bd320 af44803caf\"><span>“Ai là người chịu trách nhiệm trong việc xử lý dữ liệu cá nhân trên Booking.com và cách thức liên hệ với chúng tôi?”</span></a>.</p><hr class=\"privacy-divider\"><h3 id=\"how-shared-for-insurance\" class=\"policy_font_display_two\">Dữ liệu cá nhân của bạn được chia sẻ và xử lý thêm cho các dịch vụ bảo hiểm như thế nào?</h3><p>Booking.com Distribution B.V. là một công ty chị em của Booking.com có văn phòng đăng ký tại Oosterdokskade 163, 1011 DL, Amsterdam, Hà Lan. Booking.com và Booking.com Distribution B.V. hợp tác chặt chẽ với nhau để cung cấp cho khách hàng nhiều sản phẩm và dịch vụ bảo hiểm cho các Đặt chỗ Chuyến đi, chẳng hạn như bảo hiểm hủy đặt phòng.</p><p>Việc cung cấp bảo hiểm có thể có sự tham gia của nhiều bên, chẳng hạn như bên trung gian, hãng bảo hiểm và các đại lý khác. Nếu tham gia, Booking.com Distribution B.V. sẽ đóng vai trò là bên trung gian và đại lý được ủy quyền hoặc đại diện được bổ nhiệm (tùy theo khu vực pháp lý) thay mặt cho công ty bảo hiểm, bằng cách cung cấp các sản phẩm và dịch vụ bảo hiểm cho khách hàng của Booking.com.</p><p>Vui lòng xem lại thông tin được cung cấp trong quá trình đặt chỗ để biết thêm về Booking.com Distribution B.V. và các bên cùng hợp tác với Booking.com để cung cấp cho bạn những sản phẩm và dịch vụ này. Thông tin chi tiết về công ty bảo hiểm sẽ có trong hợp đồng bảo hiểm và các tài liệu liên quan được cung cấp cho bạn.</p><p>Khi cung cấp bảo hiểm, Booking.com và Booking.com Distribution B.V. có thể phải sử dụng và chia sẻ dữ liệu cá nhân có liên quan đến sản phẩm bảo hiểm. Dữ liệu này coi bạn là một khách hàng ký kết hợp đồng bảo hiểm thực sự hoặc tiềm năng, người thụ hưởng theo hợp đồng, thành viên gia đình, người yêu cầu bồi thường và các bên khác có liên quan đến yêu cầu bồi thường:</p><ul><li><p>Để cung cấp các ưu đãi, sắp xếp việc chi trả bảo hiểm và xử lý các yêu cầu bồi thường bảo hiểm, chúng tôi có thể phải chia sẻ với Booking.com Distribution B.V. một số dữ liệu cá nhân mà bạn cung cấp trong quá trình đặt (\"Dữ liệu theo Yêu cầu Chung\"). Bạn cũng có thể phải cung cấp thêm thông tin, chẳng hạn như tên của các thành viên gia đình hoặc những người thụ hưởng khác hoặc thông tin chi tiết về yêu cầu bồi thường (\"Dữ liệu Cụ thể theo Bảo hiểm\").</p></li><li><p>Nếu bạn đưa ra một yêu cầu bồi thường theo hợp đồng bảo hiểm, công ty bảo hiểm có thể trực tiếp xử lý yêu cầu này. Điều này có nghĩa là bạn có thể phải cung cấp dữ liệu cá nhân để gửi trực tiếp yêu cầu bồi thường cho họ. Công ty bảo hiểm sẽ thông báo cho bạn theo đó vào thời điểm thu thập thông tin của bạn. Khi công ty bảo hiểm xử lý yêu cầu bồi thường của bạn, Booking.com có thể nhận được thông tin về trạng thái của yêu cầu bồi thường để cung cấp cho bạn các dịch vụ hỗ trợ khách hàng.</p></li></ul><p>Khi Booking.com Distribution B.V. đóng vai trò là bên trung gian cho các sản phẩm và dịch vụ bảo hiểm qua Booking.com, hai công ty cùng chịu trách nhiệm thu thập Dữ liệu Cụ thể theo Bảo hiểm và chuyển dữ liệu đó từ Booking.com cho Booking.com Distribution B.V. Tuy nhiên, Booking.com Distribution B.V. đóng vai trò là bên kiểm soát duy nhất đối với mọi hoạt động xử lý bên ngoài hệ thống của Booking.com B.V. Mọi dữ liệu cá nhân mà Booking.com thu thập cho mục đích bảo hiểm sẽ được xử lý như nêu trong Chính sách Bảo mật này.</p><p>Để biết thêm thông tin về mối quan hệ giữa Booking.com và Booking.com Distribution B.V., cũng như để thực thi quyền liên quan đến dữ liệu cá nhân được thu thập qua các trang web và ứng dụng của Booking.com, <a id=\"how-to-contact-us--read-more\" aria-labelledby=\"how-to-contact-us--read-more how-to-contact-us\" href=\"#how-to-contact-us\" class=\"bf33709ee1 d6d02bd320 af44803caf\"><span>vui lòng liên hệ với chúng tôi</span></a>.</p><h3 id=\"communications-trip-provider-processed-how\" class=\"policy_font_display_two\">Booking.com xử lý các thông tin trao đổi mà bạn và Nhà cung cấp Chuyến đi bạn đã đặt gửi qua Booking.com ra sao?</h3><p>Booking.com có thể cung cấp cho bạn và các đối tác Nhà cung cấp Chuyến đi những phương thức khác nhau để liên hệ về Dịch vụ Chuyến đi và Đặt chỗ Chuyến đi hiện có, được thực hiện thông qua Booking.com. Dịch vụ này cho phép bạn và Nhà cung cấp Chuyến đi liên hệ với Booking.com khi có thắc mắc về Đặt chỗ Chuyến đi của bạn qua trang web, ứng dụng Booking.com và thông qua các kênh khác mà chúng tôi có thể cung cấp.</p><p>Booking.com truy cập vào những liên lạc đó và có thể sử dụng hệ thống tự động để xem xét, thăm dò và phân tích những liên lạc này vì mục đích sau:</p><ul><li><p>An toàn bảo mật</p></li><li><p>Đề phòng gian lận</p></li><li><p>Tuân thủ các quy định của pháp luật</p></li><li><p>Điều tra về những hành vi sai trái có thể xảy ra</p></li><li><p>Phát triển và cải thiện sản phẩm</p></li><li><p>Nghiên cứu</p></li><li><p>Quan hệ khách hàng (bao gồm việc cung cấp các thông tin và ưu đãi mà chúng tôi tin rằng bạn sẽ quan tâm)</p></li><li><p>Hỗ trợ khách hàng hoặc kỹ thuật</p></li></ul><p>Chúng tôi được quyền ngăn chặn việc gửi hay xem lại các liên lạc mà chúng tôi tự nhận thấy rằng có thể chứa nội dung độc hại, thư rác hay có thể rủi ro cho bạn, Nhà cung cấp Chuyến đi, Booking.com hoặc các bên khác.</p><p>Tất cả mọi thông tin trao đổi được gửi hoặc nhận thông qua các công cụ liên lạc của Booking.com sẽ được Booking.com tiếp nhận và lưu trữ. Nhà cung cấp Chuyến đi và các Đối tác kinh doanh mà bạn đã có Đặt chỗ Chuyến đi cũng có thể chọn liên lạc trực tiếp với bạn qua email hoặc các kênh khác mà Booking.com không có quyền kiểm soát.</p><hr class=\"privacy-divider\"><h3 id=\"mobile-devices-used-how\" class=\"policy_font_display_two\">Booking.com sử dụng các thiết bị di động như thế nào?</h3><p>Chúng tôi cung cấp ứng dụng miễn phí cho nhiều loại thiết bị di động và các phiên bản trang web của chúng tôi được tối ưu hóa để xem trên điện thoại và máy tính bảng.</p><p>Những ứng dụng và trang web cho thiết bị di động xử lý dữ liệu cá nhân bạn cung cấp cho chúng tôi theo cách tương tự như trang web. Các chương trình này cũng cho phép bạn sử dụng dịch vụ định vị để tìm Nhà Cung cấp Chuyến đi nằm gần đó - nếu bạn muốn chúng tôi làm vậy.</p><p>Với sự đồng ý của bạn, chúng tôi có thể gửi cho bạn các thông báo đẩy (push notification) với thông tin về Đặt chỗ Chuyến đi của bạn. Bạn có thể cho chúng tôi quyền truy cập vào dữ liệu định vị hoặc thông tin liên lạc để cung cấp dịch vụ mà bạn yêu cầu. Khi bạn đăng một bức ảnh lên nền tảng của chúng tôi, bức ảnh này cũng có thể được gắn kèm thông tin vị trí (metadata) của bạn. Vui lòng đọc hướng dẫn sử dụng thiết bị di động của bạn để biết cách thay đổi cài đặt và quản lý việc chia sẻ loại dữ liệu này.</p><p>Khi bạn chọn sử dụng tính năng \"Voice Assistant\" (Hỗ trợ bằng giọng nói) để tìm kiếm các dịch vụ của chúng tôi hoặc quản lý các yêu cầu đặt chỗ của bạn, lời nói của bạn sẽ được một nhà cung cấp dịch vụ bên thứ ba dịch thành văn bản theo cách ẩn danh. Để dùng tính năng này, bạn sẽ cần cấp cho chúng tôi quyền sử dụng micrô trên thiết bị của bạn.</p><p>Chúng tôi sử dụng phương thức được gọi là “theo dõi người dùng trên nhiều thiết bị” để tối ưu hoá các dịch vụ và hoạt động tiếp thị của mình, cũng như để đảm bảo chúng tôi mang lại trải nghiệm nhất quán cho người dùng. Việc này có thể được thực hiện bằng cách sử dụng hoặc không sử dụng cookie. Để biết thêm thông tin về cookie và các công nghệ tương tự khác, vui lòng xem <a id=\"cookie-statement--read-more-2\" aria-labelledby=\"cookie-statement--read-more-2 cookie-statement\" href=\"#cookie-statement\" class=\"bf33709ee1 d6d02bd320 af44803caf\"><span>Chính sách Cookie</span></a> của chúng tôi.</p><p>Với phương thức theo dõi người dùng trên nhiều thiết bị, Booking.com có thể theo dõi hoạt động của người dùng trên nhiều thiết bị. Khi triển khai phương thức này, chúng tôi có thể kết hợp dữ liệu thu thập được từ một trình duyệt hoặc thiết bị di động cụ thể với dữ liệu từ một máy tính hoặc thiết bị khác của cùng một khách hàng.</p><p>Nhằm tối ưu hoá nội dung bản tin của Booking.com, chúng tôi kết hợp thông tin tìm kiếm và đặt chỗ được thực hiện từ các máy tính và thiết bị khác nhau. Bạn có thể ngừng đăng ký nhận bản tin của Booking.com bất cứ lúc nào.</p><p>Quảng cáo được cá nhân hóa hiển thị đến bạn trên các trang web hoặc ứng dụng có thể được cung cấp dựa trên hoạt động của bạn trên các máy tính và thiết bị được liên kết. Bằng việc thay đổi chế độ cài đặt cookie trên thiết bị của bạn (hãy xem <a id=\"cookie-statement--read-more-3\" aria-labelledby=\"cookie-statement--read-more-3 cookie-statement\" href=\"#cookie-statement\" class=\"bf33709ee1 d6d02bd320 af44803caf\"><span>Chính sách cookie</span></a> của chúng tôi trong mục \"Các lựa chọn của bạn là gì?\"), bạn có thể thay đổi chế độ cài đặt theo dõi người dùng trên nhiều thiết bị cho mục đích quảng cáo. Bạn nên biết rằng việc đăng xuất khỏi tài khoản Booking.com của bạn không có nghĩa là bạn không còn nhận quảng cáo được cá nhân hoá.</p><hr class=\"privacy-divider\"><h3 id=\"social-media-used-how\" class=\"policy_font_display_two\">Booking.com sử dụng mạng xã hội như thế nào?</h3><p>Tại Booking.com chúng tôi sử dụng mạng xã hội theo nhiều cách khác nhau. Mạng xã hội được dùng một phần để hỗ trợ việc sử dụng các dịch vụ đặt trực tuyến, ngoài ra còn để quảng bá các sản phẩm và dịch vụ liên quan đến du lịch của các Nhà cung cấp Chuyến đi và để quảng cáo, cải thiện và hỗ trợ chính các dịch vụ của chúng tôi.</p><p>Vui lòng lưu ý rằng việc sử dụng các chức năng mạng xã hội có thể dẫn đến việc trao đổi các dữ liệu cá nhân giữa Booking.com và nhà cung cấp dịch vụ mạng xã hội, như được mô tả dưới đây. Bạn có toàn quyền không sử dụng các tính năng mạng xã hội hiện có.</p><ol type=\"1\"><li><p>Đăng nhập bằng tài khoản mạng xã hội. Chúng tôi mang lại cho bạn cơ hội đăng nhập vào tài khoản Booking.com bằng tài khoản mạng xã hội của bạn. Điều này là để giúp bạn không phải ghi nhớ nhiều tên người dùng và mật khẩu cho các loại dịch vụ trực tuyến khác nhau.</p><p>Sau khi đăng nhập một lần, bạn sẽ luôn có thể sử dụng tài khoản mạng xã hội của mình để đăng nhập vào tài khoản Booking.com. Bạn cũng có thể ngừng liên kết tài khoản người dùng Booking.com với tài khoản mạng xã hội mà bạn đã chọn bất cứ lúc nào.</p></li><li><p>Tích hợp các plugin mạng xã hội. Chúng tôi cũng tích hợp các plugin mạng xã hội vào trang web và ứng dụng của Booking.com. Điều này có nghĩa là khi bạn nhấp hoặc nhấn vào một trong các nút (chẳng hạn như nút \"Thích\" của Facebook), thì một số thông tin sẽ được chia sẻ với các nhà cung cấp mạng xã hội này.</p><p>Nếu tại thời điểm đó bạn cũng đang đăng nhập vào tài khoản mạng xã hội của mình, thì nhà cung cấp mạng xã hội đó có thể liên kết thông tin này với tài khoản mạng xã hội của bạn. Tùy thuộc vào chế độ cài đặt của bạn, họ có khả năng sẽ hiển thị các hành động này trên trang cá nhân mạng xã hội để những người khác trong mạng lưới của bạn có thể nhìn thấy.</p></li><li><p>Các dịch vụ mạng xã hội và tính năng khác. Chúng tôi cũng có thể tích hợp các dịch vụ mạng xã hội khác (như dịch vụ gửi tin nhắn mạng xã hội) để tương tác với Booking.com hoặc với các liên hệ trong danh bạ của bạn về dịch vụ của chúng tôi.</p><p>Chúng tôi có thể duy trì tài khoản mạng xã hội và cung cấp các ứng dụng trên nhiều trang mạng xã hội. Bất cứ khi nào bạn kết nối với Booking.com thông qua mạng xã hội, nhà cung cấp mạng xã hội của bạn có thể cho phép bạn chia sẻ thông tin với chúng tôi.</p><p>Nếu bạn chọn chia sẻ, nhà cung cấp mạng xã hội thường sẽ cho bạn biết thông tin nào sẽ được chia sẻ. Ví dụ: khi bạn đăng nhập vào tài khoản người dùng Booking.com bằng tài khoản mạng xã hội của mình, một số thông tin từ tài khoản đó có thể được chia sẻ với Booking.com. Những thông tin này bao gồm địa chỉ email, độ tuổi và ảnh đại diện mà bạn đã lưu, tùy theo quyền bạn cấp trong tài khoản mạng xã hội.</p></li></ol><p>Khi bạn đăng ký dùng ứng dụng mạng xã hội của Booking.com hoặc kết nối với một dịch vụ nhắn tin trên mạng xã hội mà không có tài khoản người dùng Booking.com, thông tin bạn chọn chia sẻ với chúng tôi có thể bao gồm các thông tin cơ bản có sẵn trong trang cá nhân mạng xã hội của bạn (bao gồm địa chỉ email, thông tin cập nhật trạng thái và danh sách liên hệ của bạn).</p><p>Chúng tôi sẽ dùng những thông tin này để hỗ trợ cung cấp dịch vụ mà bạn yêu cầu – ví dụ: chuyển tiếp tin nhắn đến người bạn muốn gửi hoặc tạo trải nghiệm người dùng được cá nhân hóa trong ứng dụng hoặc trên trang web của chúng tôi. Điều này có nghĩa là nếu bạn muốn, chúng tôi có thể điều chỉnh dịch vụ của mình sao cho phù hợp với nhu cầu của bạn, kết nối bạn và bạn bè với các điểm đến du lịch tốt nhất, phân tích và nâng cao các dịch vụ liên quan đến du lịch của chúng tôi. Xin lưu ý rằng chúng tôi không sử dụng WhatsApp hoặc các dịch vụ tương tự của bên thứ ba để yêu cầu xác nhận đặt chỗ hoặc thanh toán. Ví dụ: nếu bạn nhận được tin nhắn WhatsApp yêu cầu bạn nhấp vào một đường link để đảm bảo đặt chỗ hoặc hoàn tất khoản thanh toán liên quan, thì đừng trả lời tin nhắn hay nhấp vào đường link đó. Thay vào đó, chúng tôi sẽ yêu cầu bạn báo cáo tin nhắn đó cho đội ngũ <a id=\"how-to-contact-us--read-more\" aria-labelledby=\"how-to-contact-us--read-more how-to-contact-us\" href=\"#how-to-contact-us\" class=\"bf33709ee1 d6d02bd320 af44803caf\"><span>Dịch vụ Khách hàng</span></a> của chúng tôi.</p><p>Nhà cung cấp mạng xã hội của bạn sẽ có thể cho bạn biết thêm về cách họ sử dụng và xử lý dữ liệu của bạn bất cứ khi nào bạn kết nối với Booking.com thông qua họ. Điều này có thể bao gồm việc kết hợp dữ liệu cá nhân họ thu thập được khi bạn sử dụng Booking.com thông qua họ với thông tin họ thu thập được khi bạn sử dụng các nền tảng trực tuyến khác được liên kết với nhà cung cấp mạng xã hội của bạn.</p><p>Nếu bạn quyết định kết nối bằng tài khoản Facebook hoặc Google của mình, vui lòng xem qua các đường dẫn sau để biết thêm thông tin về cách thức mà các bên này sử dụng thông tin mà họ nhận được. <a target=\"_blank\" href=\"https://www.facebook.com/policy.php\" class=\"bf33709ee1 d6d02bd320 bui-link bui-link--primary af44803caf\"><span>Facebook</span></a> và <a target=\"_blank\" href=\"https://www.google.com/policies/privacy/partners/\" class=\"bf33709ee1 d6d02bd320 bui-link bui-link--primary af44803caf\"><span>Google</span></a>.</p><hr class=\"privacy-divider\"><h3 id=\"personal-data-what-security-procedures\" class=\"policy_font_display_two\">Booking.com áp dụng các quy trình lưu giữ và bảo mật nào để bảo vệ dữ liệu cá nhân của bạn?</h3><p>Chúng tôi có áp dụng các quy trình để ngăn chặn việc truy cập trái phép và sử dụng sai mục đích các dữ liệu cá nhân.</p><p>Chúng tôi cũng sử dụng các quy trình an toàn và rào cản về mặt kỹ thuật cũng như cơ sở vật chất để hạn chế việc truy cập và sử dụng dữ liệu cá nhân trên máy chủ của chúng tôi. Chỉ những nhân viên được ủy quyền mới có quyền truy cập vào dữ liệu cá nhân nhằm phục vụ cho công việc của họ.</p><p>Chúng tôi sẽ lưu giữ dữ liệu cá nhân của bạn cho đến khi nào cần thiết để bạn có thể sử dụng dịch vụ của chúng tôi hoặc để cung cấp dịch vụ của chúng tôi cho bạn (bao gồm việc duy trì tài khoản người dùng Booking.com của bạn, nếu có), để tuân thủ luật hiện hành, giải quyết các tranh chấp và để cho phép chúng tôi tiến hành hoạt động kinh doanh, bao gồm việc phát hiện và ngăn chặn hành vi gian lận và/hoặc các hoạt động bất hợp pháp khác. Tất cả dữ liệu cá nhân về bạn mà chúng tôi lưu giữ (với tư cách là khách hàng của Booking.com) sẽ phải tuân theo Chính sách Bảo mật này.</p><p>Để tăng cường bảo mật, bạn nên thiết lập chế độ xác thực 2 yếu tố cho tài khoản người dùng Booking.com của mình. Việc này sẽ thêm một bước xác thực, giúp đảm bảo rằng bất cứ ai có được thông tin tên người dùng và mật khẩu của bạn (ví dụ: thông qua các hoạt động tấn công giả mạo hay tấn công phi kỹ thuật) sẽ không thể truy cập vào tài khoản của bạn. Bạn có thể thiết lập chức năng này trong cài đặt tài khoản của mình.</p><hr class=\"privacy-divider\"><h3 id=\"children-personal-data-treated-how\" class=\"policy_font_display_two\">Booking.com xử lý dữ liệu cá nhân của trẻ em như thế nào?</h3><p>Các dịch vụ của Booking.com không dành cho trẻ em dưới 18 tuổi và chúng tôi không bao giờ thu thập thông tin của trẻ trừ khi được cung cấp bởi (và có sự chấp thuận của) phụ huynh hoặc người giám hộ. Một số ít các trường hợp mà chúng tôi có thể cần thu thập dữ liệu cá nhân của trẻ em dưới 18 tuổi là: trong quá trình đặt chỗ, giao dịch mua các dịch vụ khác liên quan đến du lịch, hoặc các trường hợp đặc biệt khác (chẳng hạn như các tính năng dành cho gia đình). Xin nhắc lại một lần nữa, chúng tôi sẽ chỉ thu thập và sử dụng thông tin khi được phụ huynh hoặc người giám hộ cung cấp và chấp thuận.</p><p>Nếu chúng tôi biết mình xử lý thông tin của trẻ dưới 18 tuổi mà không có sự đồng ý hợp lệ của phụ huynh hay người giám hộ, chúng tôi sẽ xóa thông tin đó.</p><hr class=\"privacy-divider\"><h3 id=\"personal-data-controlled-how\" class=\"policy_font_display_two\">Làm thế nào để bạn kiểm soát dữ liệu cá nhân mà mình đã cung cấp cho Booking.com?</h3><p>Chúng tôi muốn bạn có thể kiểm soát cách chúng tôi sử dụng dữ liệu cá nhân của bạn. Bạn có thể thực hiện việc này theo các cách sau:</p><ol type=\"1\"><li><p>Chúng tôi muốn bạn có thể kiểm soát cách chúng tôi sử dụng dữ liệu cá nhân của bạn. Bạn có thể thực hiện việc này theo các cách sau:</p></li><li><p>Bạn có thể yêu cầu một bản sao dữ liệu cá nhân mà chúng tôi đang giữ về bạn,</p></li><li><p>Bạn có thể thông báo cho chúng tôi về bất kỳ thay đổi nào về dữ liệu cá nhân, hoặc có thể yêu cầu chúng tôi sửa bất kỳ dữ liệu cá nhân nào của bạn mà chúng tôi đang lưu trữ. Như đã nêu bên dưới, bạn có thể tự thực hiện một số thay đổi này trực tuyến khi có tài khoản người dùng,</p></li><li><p>Trong một số trường hợp, bạn có thể yêu cầu chúng tôi xoá, chặn hoặc hạn chế xử lý dữ liệu cá nhân của bạn mà chúng tôi lưu trữ, hoặc phản đối các phương thức sử dụng dữ liệu cá nhân cụ thể mà chúng tôi đang thực hiện,</p></li><li><p>Trong những trường hợp nhất định, bạn cũng có thể yêu cầu chúng tôi gửi các dữ liệu cá nhân mà bạn đã cung cấp cho bên thứ ba.</p></li><li><p>Khi chúng tôi đang sử dụng dữ liệu cá nhân của bạn trên cơ sở có sự đồng ý của bạn, bạn có quyền rút lại sự chấp thuận đó bất kỳ lúc nào theo luật pháp hiện hành, và</p></li><li><p>Khi chúng tôi xử lý dữ liệu cá nhân của bạn dựa trên lợi ích hợp pháp hoặc lợi ích cộng đồng, bạn có quyền phản đối bất kỳ lúc nào đối với việc sử dụng dữ liệu cá nhân đó theo luật pháp hiện hành.</p></li></ol><p>Chúng tôi tin tưởng vào bạn để đảm bảo rằng dữ liệu cá nhân của bạn là hoàn chỉnh, chính xác và cập nhật. Vui lòng thông báo cho chúng tôi ngay lập tức về bất kỳ thay đổi hoặc sự không chính xác nào đối với dữ liệu cá nhân của bạn bằng cách liên hệ với chúng tôi.</p><p>Nếu có tài khoản người dùng Booking.com, bạn có thể truy cập vào rất nhiều dữ liệu cá nhân của mình thông qua trang web/ứng dụng của chúng tôi. Thông thường, trong phần cài đặt tài khoản, bạn sẽ thấy lựa chọn để thêm, cập nhật hoặc xoá thông tin mà chúng tôi có về bạn.</p><p>Người dùng có tài khoản Booking.com cũng có thể yêu cầu chúng tôi xóa tài khoản của họ thông qua ứng dụng Booking.com. Lưu ý rằng các tính năng của ứng dụng có thể khác nhau giữa các hệ điều hành và nhà cung cấp phần mềm bên thứ ba.</p><p>Nếu không thể truy cập vào bất kỳ dữ liệu cá nhân nào chúng tôi có về bạn thông qua trang web hoặc ứng dụng của chúng tôi, bạn có thể gửi yêu cầu cho chúng tôi.</p><p>Nếu muốn sử dụng quyền truy cập hay xoá bỏ của mình, bạn chỉ cần điền và gửi mẫu đơn <a href=\"https://www.booking.com/content/dsar.vi.html?label=gen173nr-1FCBQoggJCB3ByaXZhY3lIM1gEaPQBiAEBmAEquAEXyAEM2AEB6AEB-AECiAIBqAIDuALUoeK0BsACAdICJGVmYWZmODcwLWFjMDMtNDk0MS05YTYwLWIyMGZmOWFlMTIwZtgCBeACAQ&amp;sid=93e0e71d89a21a663a3140264916177c&amp;aid=304142\" class=\"bf33709ee1 d6d02bd320 af44803caf\"><span>Yêu cầu Đối tượng Dữ liệu cho Khách hàng Booking.com</span></a>. Đối với bất kỳ yêu cầu nào liên quan đến Chính sách Bảo mật này, để sử dụng một trong các quyền khác, hoặc nếu bạn có khiếu nại, vui lòng liên hệ với Nhân viên Bảo mật Dữ liệu của chúng tôi theo địa chỉ email <a href=\"mailto:dataprotectionoffice@booking.com\" class=\"bf33709ee1 d6d02bd320 af44803caf\"><span>dataprotectionoffice@booking.com</span></a>. Bạn cũng có thể liên hệ với cơ quan bảo vệ thông tin tại địa phương của bạn.</p><p>Nếu bạn muốn phản đối quy trình xử lý dữ liệu cá nhân của mình dựa trên cơ sở lợi ích hợp pháp mà không có cách nào để từ chối trực tiếp, vui lòng liên hệ chúng tôi theo địa chỉ <a href=\"mailto:dataprotectionoffice@booking.com\" class=\"bf33709ee1 d6d02bd320 af44803caf\"><span>dataprotectionoffice@booking.com</span></a>.</p><p>Nếu bạn muốn liên hệ với chúng tôi qua đường bưu điện, vui lòng gửi thư cho Nhân viên Bảo mật Dữ liệu theo địa chỉ sau: Oosterdokskade 163, 1011 DL, Amsterdam, Hà Lan.</p><hr class=\"privacy-divider\"><h3 id=\"personal-data-processing-responsible\" class=\"policy_font_display_two\">Ai là người chịu trách nhiệm trong việc xử lý dữ liệu cá nhân trên Booking.com và cách thức liên hệ với chúng tôi?</h3><p>Booking.com B.V. kiểm soát quá trình xử lý dữ liệu cá nhân theo như miêu tả trong Chính sách Bảo mật này, trừ khi được nêu rõ khác đi. Booking.com B.V. là công ty trách nhiệm hữu hạn tư nhân, được thành lập theo luật pháp Hà Lan và có văn phòng tại Oosterdokskade 163, 1011 DL Amsterdam, Hà Lan.</p><p>Nếu bạn có thắc mắc về Chính sách Bảo mật này, hoặc về việc chúng tôi xử lý dữ liệu cá nhân của bạn, vui lòng liên hệ với Nhân viên Bảo mật Dữ liệu của chúng tôi qua địa chỉ email dataprotectionoffice@booking.com và chúng tôi sẽ phản hồi bạn sớm nhất có thể. Nếu bạn có bất kỳ câu hỏi nào liên quan đến việc đặt chỗ của mình hoặc bạn cần hỗ trợ từ dịch vụ khách hàng, vui lòng nhấp vào <a href=\"mailto:dataprotectionoffice@booking.com\" class=\"bf33709ee1 d6d02bd320 af44803caf\"><span>đường link này</span></a>.</p><p>Đối với các thắc mắc về đặt chỗ, vui lòng liên hệ với đội ngũ dịch vụ khách hàng của chúng tôi qua <a href=\"https://www.booking.com/help?label=gen173nr-1FCBQoggJCB3ByaXZhY3lIM1gEaPQBiAEBmAEquAEXyAEM2AEB6AEB-AECiAIBqAIDuALUoeK0BsACAdICJGVmYWZmODcwLWFjMDMtNDk0MS05YTYwLWIyMGZmOWFlMTIwZtgCBeACAQ&amp;sid=93e0e71d89a21a663a3140264916177c&amp;aid=304142#/?source=privacy_policy\" data-ga-track=\"click|Click|Action: content|hc_entrypoint_privacy_policy\" class=\"bf33709ee1 d6d02bd320 af44803caf\"><span>trang liên hệ dịch vụ khách hàng</span></a>.</p><p>Các yêu cầu của cơ quan hành pháp phải được gửi dựa theo quy trình của <a href=\"https://authorityportal.booking.com/\" class=\"bf33709ee1 d6d02bd320 af44803caf\"><span>Cơ quan Hành pháp</span></a>.</p><h3 id=\"country-specific-provisions\" class=\"policy_font_display_two\">Quy định theo quốc gia</h3><p>Tùy thuộc vào luật pháp quốc gia mà bạn phải tuân thủ, chúng tôi có thể phải cung cấp thêm một số thông tin. Nếu có, bạn sẽ tìm thấy thông tin bổ sung cho quốc gia hoặc khu vực của mình ở bên dưới.</p>\r'
           ,'BookingWeb')
GO



GO
-- Role
insert into Roles (ID, [Name], [NormalizedName]) VALUES('ID1', 'admin', 'ADMIN')
insert into Roles (ID, [Name], [NormalizedName]) VALUES('ID2', 'user', 'USER')
-- Role cho các chủ phòng trọ đăng bán
insert into Roles (ID, [Name], [NormalizedName]) VALUES('ID3', 'partner', 'PARTNER')

go
-- Guest
insert into dbo.Guest (Id, FirstName, MiddleName, LastName, Gender, Password, Address, City, Country, Status, UserName, NormalizedUserName, Email, NormalizedEmail, EmailConfirmed, PasswordHash, SecurityStamp, ConcurrencyStamp, PhoneNumber, PhoneNumberConfirmed, TwoFactorEnabled, LockoutEnd, LockoutEnabled, AccessFailedCount) values (N'164e9416-8377-436b-8bdb-bb424a693b54', null, null, null, null, null, null, null, null, 1, N'partner@gmail.com', N'PARTNER@GMAIL.COM', N'partner@gmail.com', N'PARTNER@GMAIL.COM', 1, N'AQAAAAEAACcQAAAAEBJb5cCqnHdoh7N5KgOo8hTa8C6OafCkTO2xiNFIYcegDUFoSzWkoEhI61dEorbKgg==', N'UVDNEMPS7Y4S6KID6DPX3WYU43PJ7TCM', N'ffb66bea-28d1-4b16-b839-54bb2b865619', null, 0, 0, null, 1, 0);
insert into dbo.Guest (Id, FirstName, MiddleName, LastName, Gender, Password, Address, City, Country, Status, UserName, NormalizedUserName, Email, NormalizedEmail, EmailConfirmed, PasswordHash, SecurityStamp, ConcurrencyStamp, PhoneNumber, PhoneNumberConfirmed, TwoFactorEnabled, LockoutEnd, LockoutEnabled, AccessFailedCount) values (N'23166d10-0db5-4a61-93b0-237b2ba77136', null, null, null, null, null, null, null, null, 1, N'user@gmail.com', N'USER@GMAIL.COM', N'user@gmail.com', N'USER@GMAIL.COM', 1, N'AQAAAAEAACcQAAAAEFaCB4rK2vC8EhAXz3sYXtPmDAI1nzXOcMjNWfdY+I4h7+VzlYpeExQj5yiG9pNqLQ==', N'TAQZHGJDQSBBTQ2ZYBSAGVNFFWROXCU5', N'31fdc948-58b6-4116-83e4-f7e2fbb6ea92', null, 0, 0, null, 1, 0);
insert into dbo.Guest (Id, FirstName, MiddleName, LastName, Gender, Password, Address, City, Country, Status, UserName, NormalizedUserName, Email, NormalizedEmail, EmailConfirmed, PasswordHash, SecurityStamp, ConcurrencyStamp, PhoneNumber, PhoneNumberConfirmed, TwoFactorEnabled, LockoutEnd, LockoutEnabled, AccessFailedCount) values (N'56b0ecf7-d9b7-4a0f-8b80-f534ce516d41', null, null, null, null, null, null, null, null, 1, N'admin@gmail.com', N'ADMIN@GMAIL.COM', N'admin@gmail.com', N'ADMIN@GMAIL.COM', 1, N'AQAAAAEAACcQAAAAEKZO5FyIYGaQ4xGSwTtUw4J4+W6Zg3WPCkBgNY0eqCCXNfkE0eWRvlSLO0jvV9EeSQ==', N'F3OATB6CMGXKL7JNBQWWRVHUZGYD2YYE', N'b308c82c-aea8-402b-a928-e04349ca19f7', null, 0, 0, null, 1, 0);
insert into dbo.Guest (Id, FirstName, MiddleName, LastName, Gender, Password, Address, City, Country, Status, UserName, NormalizedUserName, Email, NormalizedEmail, EmailConfirmed, PasswordHash, SecurityStamp, ConcurrencyStamp, PhoneNumber, PhoneNumberConfirmed, TwoFactorEnabled, LockoutEnd, LockoutEnabled, AccessFailedCount) values (N'b6bddae9-4bba-4d34-9c8b-cff13265d0f4', null, null, null, null, null, null, null, null, 1, N'quangnv1911@gmail.com', N'QUANGNV1911@GMAIL.COM', N'quangnv11@gmail.com', N'QUANGNV19911@GMAIL.COM', 1, N'AQAAAAEAACcQAAAAEKZO5FyIYGaQ4xGSwTtUw4J4+W6Zg3WPCkBgNY0eqCCXNfkE0eWRvlSLO0jvV9EeSQ==', N'S23YVY7HADQOUCDQDIOEVJPLQRRR4XQY', N'bac697a4-807c-4d85-9f73-55f8d34ccdc8', null, 0, 0, null, 1, 0);

go
-- Thêm role cho user Admin và Partner
insert into dbo.UserRoles (UserId, RoleId) values (N'164e9416-8377-436b-8bdb-bb424a693b54', N'ID3');
insert into dbo.UserRoles (UserId, RoleId) values (N'23166d10-0db5-4a61-93b0-237b2ba77136', N'ID2');
insert into dbo.UserRoles (UserId, RoleId) values (N'56b0ecf7-d9b7-4a0f-8b80-f534ce516d41', N'ID1');

-- Add conversations
INSERT INTO [dbo].[Inbox]
           ([FirstUserId]
           ,[SecondUserId])
     VALUES
           ('b6bddae9-4bba-4d34-9c8b-cff13265d0f4', '23166d10-0db5-4a61-93b0-237b2ba77136'),
           ('b6bddae9-4bba-4d34-9c8b-cff13265d0f4', '164e9416-8377-436b-8bdb-bb424a693b54'),
           ('b6bddae9-4bba-4d34-9c8b-cff13265d0f4', '56b0ecf7-d9b7-4a0f-8b80-f534ce516d41'),
           ('b6bddae9-4bba-4d34-9c8b-cff13265d0f4', 'b6bddae9-4bba-4d34-9c8b-cff13265d0f4'),
           ('23166d10-0db5-4a61-93b0-237b2ba77136', '164e9416-8377-436b-8bdb-bb424a693b54'),
           ('23166d10-0db5-4a61-93b0-237b2ba77136', '56b0ecf7-d9b7-4a0f-8b80-f534ce516d41'),
           ('164e9416-8377-436b-8bdb-bb424a693b54', '56b0ecf7-d9b7-4a0f-8b80-f534ce516d41'),
           ('164e9416-8377-436b-8bdb-bb424a693b54', 'b6bddae9-4bba-4d34-9c8b-cff13265d0f4'),
           ('56b0ecf7-d9b7-4a0f-8b80-f534ce516d41', 'b6bddae9-4bba-4d34-9c8b-cff13265d0f4'),
           ('b6bddae9-4bba-4d34-9c8b-cff13265d0f4', '23166d10-0db5-4a61-93b0-237b2ba77136')
GO

-- Add messages
INSERT INTO [dbo].[Message]
           ([GuestId]
           ,[CreateAt]
           ,[InboxId]
           ,[Content])
     VALUES
           ('b6bddae9-4bba-4d34-9c8b-cff13265d0f4', '2024-7-7', 1, 'test1'),
           ('23166d10-0db5-4a61-93b0-237b2ba77136', '2024-7-7', 2, 'test2'),
           ('164e9416-8377-436b-8bdb-bb424a693b54', '2024-7-7', 3, 'test3'),
           ('56b0ecf7-d9b7-4a0f-8b80-f534ce516d41', '2024-7-7', 4, 'test4'),
           ('b6bddae9-4bba-4d34-9c8b-cff13265d0f4', '2024-7-7', 5, 'test5'),
           ('23166d10-0db5-4a61-93b0-237b2ba77136', '2024-7-7', 6, 'test6'),
           ('164e9416-8377-436b-8bdb-bb424a693b54', '2024-7-7', 7, 'test7'),
           ('56b0ecf7-d9b7-4a0f-8b80-f534ce516d41', '2024-7-7', 8, 'test8'),
           ('b6bddae9-4bba-4d34-9c8b-cff13265d0f4', '2024-7-7', 9, 'test9'),
           ('23166d10-0db5-4a61-93b0-237b2ba77136', '2024-7-7', 10, 'test10')
GO

-- Add homestays
INSERT INTO [dbo].[Homestay]
           ([HotelName]
           ,[Address]
           ,[City]
           ,[Rating]
           ,[Phone]
           ,[Email]
           ,[Status]
           ,[Img]
		   ,[GuestID])
     VALUES
           ('Hotel 1', 'Ha Noi', 'Ha Noi', 4, '04945948', 'a@gmail.com', 1, 'https://ik.imagekit.io/tvlk/apr-asset/Ixf4aptF5N2Qdfmh4fGGYhTN274kJXuNMkUAzpL5HuD9jzSxIGG5kZNhhHY-p7nw/hotel/asset/10020591-5023b951b78f679b043a1147e605788b.jpeg?_src=imagekit&tr=c-at_max,f-jpg,fo-auto,h-332,pr-true,q-100,w-480;https://ik.imagekit.io/tvlk/apr-asset/Ixf4aptF5N2Qdfmh4fGGYhTN274kJXuNMkUAzpL5HuD9jzSxIGG5kZNhhHY-p7nw/hotel/asset/10020591-2c72db7204485d3d7541cbdee8c6b9cf.jpeg?_src=imagekit&tr=c-at_max,f-jpg,fo-auto,h-162,pr-true,q-100,w-184', '164e9416-8377-436b-8bdb-bb424a693b54'),
           ('Hotel 2', 'Ho Chi Minh', 'Ho Chi Minh', 5, '04945949', 'b@gmail.com', 1, 'https://ik.imagekit.io/tvlk/apr-asset/Ixf4aptF5N2Qdfmh4fGGYhTN274kJXuNMkUAzpL5HuD9jzSxIGG5kZNhhHY-p7nw/hotel/asset/10020591-2c72db7204485d3d7541cbdee8c6b9cf.jpeg?_src=imagekit&tr=c-at_max,f-jpg,fo-auto,h-332,pr-true,q-100,w-480', '164e9416-8377-436b-8bdb-bb424a693b54'),
           ('Hotel 3', 'Da Nang', 'Da Nang', 3, '04945950', 'c@gmail.com', 1, 'https://ik.imagekit.io/tvlk/apr-asset/Ixf4aptF5N2Qdfmh4fGGYhTN274kJXuNMkUAzpL5HuD9jzSxIGG5kZNhhHY-p7nw/hotel/asset/10020591-5023b951b78f679b043a1147e605788b.jpeg?_src=imagekit&tr=c-at_max,f-jpg,fo-auto,h-332,pr-true,q-100,w-480', '164e9416-8377-436b-8bdb-bb424a693b54'),
           ('Hotel 4', 'Hai Phong', 'Hai Phong', 4, '04945951', 'd@gmail.com', 1, 'https://ik.imagekit.io/tvlk/apr-asset/Ixf4aptF5N2Qdfmh4fGGYhTN274kJXuNMkUAzpL5HuD9jzSxIGG5kZNhhHY-p7nw/hotel/asset/10020591-2c72db7204485d3d7541cbdee8c6b9cf.jpeg?_src=imagekit&tr=c-at_max,f-jpg,fo-auto,h-332,pr-true,q-100,w-480', '164e9416-8377-436b-8bdb-bb424a693b54'),
           ('Hotel 5', 'Can Tho', 'Can Tho', 5, '04945952', 'e@gmail.com', 1, 'https://ik.imagekit.io/tvlk/apr-asset/Ixf4aptF5N2Qdfmh4fGGYhTN274kJXuNMkUAzpL5HuD9jzSxIGG5kZNhhHY-p7nw/hotel/asset/10020591-5023b951b78f679b043a1147e605788b.jpeg?_src=imagekit&tr=c-at_max,f-jpg,fo-auto,h-332,pr-true,q-100,w-480', '164e9416-8377-436b-8bdb-bb424a693b54'),
           ('Hotel 6', 'Nha Trang', 'Nha Trang', 4, '04945953', 'f@gmail.com', 1, 'https://ik.imagekit.io/tvlk/apr-asset/Ixf4aptF5N2Qdfmh4fGGYhTN274kJXuNMkUAzpL5HuD9jzSxIGG5kZNhhHY-p7nw/hotel/asset/10020591-2c72db7204485d3d7541cbdee8c6b9cf.jpeg?_src=imagekit&tr=c-at_max,f-jpg,fo-auto,h-332,pr-true,q-100,w-480', '164e9416-8377-436b-8bdb-bb424a693b54'),
           ('Hotel 7', 'Hue', 'Hue', 3, '04945954', 'g@gmail.com', 1, 'https://ik.imagekit.io/tvlk/apr-asset/Ixf4aptF5N2Qdfmh4fGGYhTN274kJXuNMkUAzpL5HuD9jzSxIGG5kZNhhHY-p7nw/hotel/asset/10020591-5023b951b78f679b043a1147e605788b.jpeg?_src=imagekit&tr=c-at_max,f-jpg,fo-auto,h-332,pr-true,q-100,w-480', '164e9416-8377-436b-8bdb-bb424a693b54'),
           ('Hotel 8', 'Quang Ninh', 'Quang Ninh', 4, '04945955', 'h@gmail.com', 1, 'https://ik.imagekit.io/tvlk/apr-asset/Ixf4aptF5N2Qdfmh4fGGYhTN274kJXuNMkUAzpL5HuD9jzSxIGG5kZNhhHY-p7nw/hotel/asset/10020591-2c72db7204485d3d7541cbdee8c6b9cf.jpeg?_src=imagekit&tr=c-at_max,f-jpg,fo-auto,h-332,pr-true,q-100,w-480', '164e9416-8377-436b-8bdb-bb424a693b54'),
           ('Hotel 9', 'Thanh Hoa', 'Thanh Hoa', 5, '04945956', 'i@gmail.com', 1, 'https://ik.imagekit.io/tvlk/apr-asset/Ixf4aptF5N2Qdfmh4fGGYhTN274kJXuNMkUAzpL5HuD9jzSxIGG5kZNhhHY-p7nw/hotel/asset/10020591-5023b951b78f679b043a1147e605788b.jpeg?_src=imagekit&tr=c-at_max,f-jpg,fo-auto,h-332,pr-true,q-100,w-480', '164e9416-8377-436b-8bdb-bb424a693b54'),
           ('Hotel 10', 'Nghe An', 'Nghe An', 4, '04945957', 'j@gmail.com', 1, 'https://ik.imagekit.io/tvlk/apr-asset/Ixf4aptF5N2Qdfmh4fGGYhTN274kJXuNMkUAzpL5HuD9jzSxIGG5kZNhhHY-p7nw/hotel/asset/10020591-2c72db7204485d3d7541cbdee8c6b9cf.jpeg?_src=imagekit&tr=c-at_max,f-jpg,fo-auto,h-332,pr-true,q-100,w-480', '164e9416-8377-436b-8bdb-bb424a693b54')
GO

-- Add homestay features
INSERT INTO [dbo].[HomstayFeature]
           ([Name]
           ,[Status])
     VALUES
           ('Co dieu hoa', 1),
           ('Co wifi', 1),
           ('Co bep', 1),
           ('Co ho boi', 1),
           ('Gan bien', 1),
           ('Co do xe', 1),
           ('Co phong gym', 1),
           ('Co nha hang', 1),
           ('Co phong karaoke', 1),
           ('Co spa', 1)
GO

-- Add room types
INSERT INTO [dbo].[RoomType]
           ([Name]
           ,[Description]
           ,[Status]
           ,[HomestayFeatureID])
     VALUES
           ('Deluxe Twin City View', 'Phong co Deluxe Twin City View', 1, 1),
           ('Superior Double Room', 'Phong co Superior Double Room', 1, 2),
           ('Standard Single Room', 'Phong co Standard Single Room', 1, 3),
           ('Deluxe Suite', 'Phong co Deluxe Suite', 1, 4),
           ('Family Room', 'Phong co Family Room', 1, 5),
           ('Luxury Villa', 'Phong co Luxury Villa', 1, 6),
           ('Executive Suite', 'Phong co Executive Suite', 1, 7),
           ('Presidential Suite', 'Phong co Presidential Suite', 1, 8),
           ('Budget Room', 'Phong co Budget Room', 1, 9),
           ('Penthouse', 'Phong co Penthouse', 1, 10)
GO

INSERT INTO [dbo].[Room]
           ([Name]
           ,[MaxGuests]
           ,[RoomTypeID]
           ,[HomestayID]
           ,[Price]
           ,[Status]
           ,[Img])
     VALUES
           ('Phong 1', 5, 1, 1, 50, 1, 'https://ik.imagekit.io/tvlk/apr-asset/Ixf4aptF5N2Qdfmh4fGGYhTN274kJXuNMkUAzpL5HuD9jzSxIGG5kZNhhHY-p7nw/hotel/asset/10020591-5023b951b78f679b043a1147e605788b.jpeg?_src=imagekit&tr=c-at_max,f-jpg,fo-auto,h-332,pr-true,q-100,w-480'),
           ('Phong 2', 4, 2, 2, 100, 1, 'https://ik.imagekit.io/tvlk/apr-asset/Ixf4aptF5N2Qdfmh4fGGYhTN274kJXuNMkUAzpL5HuD9jzSxIGG5kZNhhHY-p7nw/hotel/asset/10020591-5023b951b78f679b043a1147e605788b.jpeg?_src=imagekit&tr=c-at_max,f-jpg,fo-auto,h-332,pr-true,q-100,w-480'),
           ('Phong 3', 3, 3, 3, 150, 1, 'https://ik.imagekit.io/tvlk/apr-asset/Ixf4aptF5N2Qdfmh4fGGYhTN274kJXuNMkUAzpL5HuD9jzSxIGG5kZNhhHY-p7nw/hotel/asset/10020591-5023b951b78f679b043a1147e605788b.jpeg?_src=imagekit&tr=c-at_max,f-jpg,fo-auto,h-332,pr-true,q-100,w-480'),
           ('Phong 4', 2, 4, 4, 200, 1, 'https://ik.imagekit.io/tvlk/apr-asset/Ixf4aptF5N2Qdfmh4fGGYhTN274kJXuNMkUAzpL5HuD9jzSxIGG5kZNhhHY-p7nw/hotel/asset/10020591-5023b951b78f679b043a1147e605788b.jpeg?_src=imagekit&tr=c-at_max,f-jpg,fo-auto,h-332,pr-true,q-100,w-480'),
           ('Phong 5', 6, 5, 5, 150, 1, 'https://ik.imagekit.io/tvlk/apr-asset/Ixf4aptF5N2Qdfmh4fGGYhTN274kJXuNMkUAzpL5HuD9jzSxIGG5kZNhhHY-p7nw/hotel/asset/10020591-5023b951b78f679b043a1147e605788b.jpeg?_src=imagekit&tr=c-at_max,f-jpg,fo-auto,h-332,pr-true,q-100,w-480'),
           ('Phong 6', 3, 6, 6, 200, 1, 'https://ik.imagekit.io/tvlk/apr-asset/Ixf4aptF5N2Qdfmh4fGGYhTN274kJXuNMkUAzpL5HuD9jzSxIGG5kZNhhHY-p7nw/hotel/asset/10020591-5023b951b78f679b043a1147e605788b.jpeg?_src=imagekit&tr=c-at_max,f-jpg,fo-auto,h-332,pr-true,q-100,w-480'),
           ('Phong 7', 2, 7, 7, 250, 1, 'https://ik.imagekit.io/tvlk/apr-asset/Ixf4aptF5N2Qdfmh4fGGYhTN274kJXuNMkUAzpL5HuD9jzSxIGG5kZNhhHY-p7nw/hotel/asset/10020591-5023b951b78f679b043a1147e605788b.jpeg?_src=imagekit&tr=c-at_max,f-jpg,fo-auto,h-332,pr-true,q-100,w-480'),
           ('Phong 8', 4, 8, 8, 100, 1, 'https://ik.imagekit.io/tvlk/apr-asset/Ixf4aptF5N2Qdfmh4fGGYhTN274kJXuNMkUAzpL5HuD9jzSxIGG5kZNhhHY-p7nw/hotel/asset/10020591-5023b951b78f679b043a1147e605788b.jpeg?_src=imagekit&tr=c-at_max,f-jpg,fo-auto,h-332,pr-true,q-100,w-480'),
           ('Phong 9', 1, 9, 9, 50, 1, 'https://ik.imagekit.io/tvlk/apr-asset/Ixf4aptF5N2Qdfmh4fGGYhTN274kJXuNMkUAzpL5HuD9jzSxIGG5kZNhhHY-p7nw/hotel/asset/10020591-5023b951b78f679b043a1147e605788b.jpeg?_src=imagekit&tr=c-at_max,f-jpg,fo-auto,h-332,pr-true,q-100,w-480'),
           ('Phong 10', 5, 10, 10, 300, 1, 'https://ik.imagekit.io/tvlk/apr-asset/Ixf4aptF5N2Qdfmh4fGGYhTN274kJXuNMkUAzpL5HuD9jzSxIGG5kZNhhHY-p7nw/hotel/asset/10020591-5023b951b78f679b043a1147e605788b.jpeg?_src=imagekit&tr=c-at_max,f-jpg,fo-auto,h-332,pr-true,q-100,w-480')

GO

-- Add reviews
INSERT INTO [dbo].[Review]
           ([GuestID]
           ,[Rating]
           ,[ReviewText]
           ,[RoomID]
           ,[Status])
     VALUES
           ('b6bddae9-4bba-4d34-9c8b-cff13265d0f4', 3, 'chat luong', 1, 1),
           ('b6bddae9-4bba-4d34-9c8b-cff13265d0f4', 4, 'tot', 2, 1),
           ('b6bddae9-4bba-4d34-9c8b-cff13265d0f4', 5, 'rat tot', 3, 1),
           ('b6bddae9-4bba-4d34-9c8b-cff13265d0f4', 2, 'binh thuong', 4, 1),
           ('b6bddae9-4bba-4d34-9c8b-cff13265d0f4', 1, 'kem', 5, 1),
           ('b6bddae9-4bba-4d34-9c8b-cff13265d0f4', 5, 'xuat sac', 6, 1),
           ('b6bddae9-4bba-4d34-9c8b-cff13265d0f4', 3, 'chat luong', 7, 1),
           ('b6bddae9-4bba-4d34-9c8b-cff13265d0f4', 4, 'tot', 8, 1),
           ('b6bddae9-4bba-4d34-9c8b-cff13265d0f4', 5, 'rat tot', 9, 1),
           ('b6bddae9-4bba-4d34-9c8b-cff13265d0f4', 2, 'binh thuong', 10, 1)
GO

-- Add bookings
INSERT INTO [dbo].[Booking]
           ([HomestayID]
           ,[GuestID]
           ,[RoomID]
           ,[BookingDate]
           ,[CheckInDate]
           ,[CheckOutDate]
           ,[NumAdults]
           ,[NumChildren]
           ,[SpecialReq]
           ,[Status])
     VALUES
           (1, 'b6bddae9-4bba-4d34-9c8b-cff13265d0f4', 1, '2024-7-7', '2024-7-17', '2024-7-8', 1, 2, '', 1),
           (2, 'b6bddae9-4bba-4d34-9c8b-cff13265d0f4', 2, '2024-7-8', '2024-7-18', '2024-7-9', 2, 1, '', 1),
           (3, 'b6bddae9-4bba-4d34-9c8b-cff13265d0f4', 3, '2024-7-9', '2024-7-19', '2024-7-10', 1, 2, '', 1),
           (4, 'b6bddae9-4bba-4d34-9c8b-cff13265d0f4', 4, '2024-7-10', '2024-7-20', '2024-7-11', 2, 2, '', 1),
           (5, 'b6bddae9-4bba-4d34-9c8b-cff13265d0f4', 5, '2024-7-11', '2024-7-21', '2024-7-12', 3, 1, '', 1),
           (6, 'b6bddae9-4bba-4d34-9c8b-cff13265d0f4', 6, '2024-7-12', '2024-7-22', '2024-7-13', 2, 2, '', 1),
           (7, 'b6bddae9-4bba-4d34-9c8b-cff13265d0f4', 7, '2024-7-13', '2024-7-23', '2024-7-14', 1, 2, '', 1),
           (8, 'b6bddae9-4bba-4d34-9c8b-cff13265d0f4', 8, '2024-7-14', '2024-7-24', '2024-7-15', 2, 1, '', 1),
           (9, 'b6bddae9-4bba-4d34-9c8b-cff13265d0f4', 9, '2024-7-15', '2024-7-25', '2024-7-16', 1, 2, '', 1),
           (10, 'b6bddae9-4bba-4d34-9c8b-cff13265d0f4', 10, '2024-7-16', '2024-7-26', '2024-7-17', 2, 2, '', 1)
GO

-- Add invoices
INSERT INTO [dbo].[Invoice]
           ([BookingID]
           ,[GuestID]
           ,[PaymentDate]
           ,[Notify]
           ,[Status]
           ,[DiscountID])
     VALUES
           (1, 'b6bddae9-4bba-4d34-9c8b-cff13265d0f4', '2024-7-7', '', 1, null),
           (2, 'b6bddae9-4bba-4d34-9c8b-cff13265d0f4', '2024-7-8', '', 1, null),
           (3, 'b6bddae9-4bba-4d34-9c8b-cff13265d0f4', '2024-7-9', '', 1, null),
           (4, 'b6bddae9-4bba-4d34-9c8b-cff13265d0f4', '2024-7-10', '', 1, null),
           (5, 'b6bddae9-4bba-4d34-9c8b-cff13265d0f4', '2024-9-11', '', 1, null),
           (6, 'b6bddae9-4bba-4d34-9c8b-cff13265d0f4', '2024-7-12', '', 1, null),
           (7, 'b6bddae9-4bba-4d34-9c8b-cff13265d0f4', '2024-10-13', '', 1, null),
           (8, 'b6bddae9-4bba-4d34-9c8b-cff13265d0f4', '2024-7-14', '', 1, null),
           (9, 'b6bddae9-4bba-4d34-9c8b-cff13265d0f4', '2024-7-15', '', 1, null),
           (10, 'b6bddae9-4bba-4d34-9c8b-cff13265d0f4', '2024-8-16', '', 1, null)
GO



